ClientID,Name,Priority,PriorityLevel,Industry,Region,Budget,ProjectType,ContractType,ClientSize,RequestedTaskIDs,AttributesJSON,ContactEmail,PhoneNumber,Address,AccountManager,ContractStartDate,ContractEndDate,PreferredPhases,SpecialRequirements,PaymentTerms,RiskLevel,ComplianceLevel,TechnicalComplexity,BusinessCriticality
CLIENT001,Miles Inc,2,2,Retail,North America,353515,Development,Subscription,Fortune500,"TASK015,TASK098","{""urgency"": ""low"", ""compliance"": ""SOX"", ""tech_stack"": ""Python""}",carsonhannah@lawrence.biz,251.474.1581,"2801 Carlson Skyway, New Adam, NY 34481",Barbara Richards,2024-04-25,2025-03-06,"1,2,6,8,9,10",Security clearance,Net 30,Medium,HIPAA,9,7
CLIENT002,"Garza, Newman and Cordova",8,5,Manufacturing,Middle East,4399062,Implementation,Fixed-Price,Fortune500,"TASK068,TASK037","{""urgency"": ""medium"", ""compliance"": ""HIPAA"", ""tech_stack"": ""React""}",moodybrenda@sutton.net,(551)717-6670,"18587 Dennis River Suite 538, Jasonside, SC 31803",Sabrina Miller,2024-05-08,2024-11-01,"2,4,7,10",24/7 Support,Milestone-based,Critical,SOX,3,1
CLIENT003,Lamb-Soto,1,5,Technology,Middle East,4243686,Support,Fixed-Price,Enterprise,"TASK112,TASK081,TASK009,TASK095","{""urgency"": ""low"", ""compliance"": ""SOX"", ""tech_stack"": ""React""}",austin75@vargas.biz,(863)717-7404,"PSC 8533, Box 7005, APO AP 98706",Brittany Weber,2024-04-29,2025-10-30,"7,8,10",On-site presence,Milestone-based,Critical,GDPR,5,3
CLIENT004,Brady PLC,2,3,Manufacturing,Latin America,2956301,Implementation,Retainer,Fortune500,TASK015,"{""urgency"": ""low"", ""compliance"": ""GDPR"", ""tech_stack"": ""Java""}",sowens@meyer.com,+1-142-266-3633,"5500 Chambers Lodge, New Monica, NH 02288",Mary Daugherty,2024-01-12,2025-01-14,"1,6",On-site presence,Milestone-based,Low,SOX,7,3
CLIENT005,Hunter LLC,9,1,Manufacturing,Latin America,1416309,Support,Fixed-Price,Startup,"TASK003,TASK105,TASK076,TASK042,TASK120","{""urgency"": ""high"", ""compliance"": ""HIPAA"", ""tech_stack"": ""React""}",lauren91@schroeder.com,649-842-0013,"Unit 5495 Box 5254, DPO AA 58315",Leah Padilla,2024-04-02,2024-10-17,"2,3,6,8,9,10",On-site presence,Net 60,Medium,Basic,9,7
CLIENT006,"Vazquez, Rodriguez and Black",3,5,Technology,Latin America,305262,Research,Retainer,Fortune500,TASK022,"{""urgency"": ""high"", ""compliance"": ""GDPR"", ""tech_stack"": ""Python""}",julia56@alexander.biz,+1-404-030-9338x02077,"96312 Caldwell Summit, Martinhaven, OR 90767",Matthew Walters,2024-01-03,2024-11-17,"1,9",On-site presence,Net 60,Medium,Basic,1,8
CLIENT007,"Johnson, Rodgers and Brown",8,4,Healthcare,Asia-Pacific,1033691,Consulting,Fixed-Price,SMB,"TASK083,TASK040,TASK059","{""urgency"": ""low"", ""compliance"": ""HIPAA"", ""tech_stack"": ""Python""}",cgarcia@gmail.com,580.949.7333x6829,"3320 Beth Ferry, Simmonsborough, VA 19631",Tracy Ward,2024-05-15,2025-04-15,"1,3,4,5,9,10",Security clearance,Milestone-based,Critical,Basic,7,3
CLIENT008,Jones Inc,1,4,Technology,North America,620291,Consulting,Time-Material,SMB,"TASK099,TASK017,TASK033,TASK055,TASK008","{""urgency"": ""low"", ""compliance"": ""SOX"", ""tech_stack"": ""React""}",leelisa@cabrera.com,(769)072-6917x693,"52853 Lewis Harbor, West Martin, VA 83523",John Johnson,2024-05-17,2024-09-29,"4,8",Security clearance,Net 30,Critical,GDPR,3,2
CLIENT009,Hall-Adams,6,5,Energy,North America,3461451,Support,Subscription,SMB,"TASK070,TASK102,TASK020","{""urgency"": ""high"", ""compliance"": ""HIPAA"", ""tech_stack"": ""Python""}",randolphroger@hotmail.com,(069)654-8447x943,"054 Velasquez Neck Apt. 702, Hendersonview, WV 31169",Peter Myers,2024-05-13,2024-12-28,"2,3,5,6,8",24/7 Support,Upfront 50%,High,HIPAA,2,7
CLIENT010,Valdez PLC,1,4,Healthcare,Latin America,1352429,Research,Time-Material,SMB,"TASK021,TASK041,TASK069,TASK071","{""urgency"": ""low"", ""compliance"": ""SOX"", ""tech_stack"": ""React""}",austinlawrence@yahoo.com,160-338-8775x564,"1359 Karen Causeway, Marquezfurt, OR 67706",Heather Jackson,2024-01-19,2025-01-27,"1,2,3,6,7,9",On-site presence,Milestone-based,Medium,SOX,7,5
CLIENT011,"Wolf, Reed and Jones",7,3,Healthcare,Europe,1979891,Consulting,Subscription,Enterprise,"TASK054,TASK077","{""urgency"": ""medium"", ""compliance"": ""GDPR"", ""tech_stack"": ""Java""}",ujones@hotmail.com,(825)832-3812x015,"77849 Hendricks Brook, Burkemouth, DC 19772",Sean Weaver,2024-01-21,2024-07-17,"2,3,5,8",24/7 Support,Net 30,Low,SOX,1,5
CLIENT012,Fleming-Ware,4,1,Healthcare,Latin America,1919444,Support,Subscription,Enterprise,"TASK038,TASK053","{""urgency"": ""low"", ""compliance"": ""GDPR"", ""tech_stack"": ""Java""}",wgonzalez@li.com,000-695-2865x8671,"09829 Jason Circle, Ericmouth, NM 29308",Brad Henry,2024-05-18,2025-12-21,"1,2,3,4,6,10",On-site presence,Upfront 50%,Critical,Basic,10,9
CLIENT013,Lee PLC,4,3,Energy,Latin America,1167286,Research,Fixed-Price,Enterprise,"TASK003,TASK050,TASK018,TASK106","{""urgency"": ""medium"", ""compliance"": ""HIPAA"", ""tech_stack"": ""React""}",thomas53@gmail.com,001-766-979-9385x28060,"1893 Leach Expressway Suite 245, Hunterborough, KS 84198",Sean Cole,2024-05-29,2024-06-07,"2,4,5,6,7,9",On-site presence,Milestone-based,Low,PCI-DSS,5,7
CLIENT014,Goodwin LLC,4,4,Energy,Middle East,2700771,Research,Fixed-Price,Enterprise,TASK054,"{""urgency"": ""medium"", ""compliance"": ""GDPR"", ""tech_stack"": ""React""}",carrollshelly@yahoo.com,242-696-7424x206,"7563 Fisher Forge, Nicoleside, MD 87414",Lee Williamson,2024-02-11,2025-08-17,"2,4,10",24/7 Support,Net 30,Critical,SOX,1,9
CLIENT015,"Gonzalez, Williams and Lewis",9,4,Manufacturing,Asia-Pacific,3339271,Consulting,Fixed-Price,Enterprise,"TASK035,TASK086,TASK056","{""urgency"": ""medium"", ""compliance"": ""GDPR"", ""tech_stack"": ""Java""}",torresmegan@gutierrez-lowe.com,(091)615-7388x6099,"413 Michael Lock Apt. 969, Rileychester, WA 57308",Charles Ballard,2024-03-29,2025-03-05,"7,10",24/7 Support,Net 30,Critical,SOX,2,8
CLIENT016,Daniels-Munoz,4,4,Manufacturing,Europe,4296788,Consulting,Retainer,Startup,"TASK032,TASK053","{""urgency"": ""high"", ""compliance"": ""GDPR"", ""tech_stack"": ""Python""}",christinebennett@james.info,640.800.5228x72769,"7135 Dodson Trace, Duarteview, CT 90857",Michael Hurst,2024-05-05,2025-04-28,"1,8",24/7 Support,Milestone-based,High,Basic,6,5
CLIENT017,Porter Inc,2,5,Finance,Middle East,4566392,Implementation,Subscription,Enterprise,"TASK023,TASK001,TASK092","{""urgency"": ""medium"", ""compliance"": ""HIPAA"", ""tech_stack"": ""Python""}",jessenguyen@lin-rodriguez.com,9100038639,"8236 Robinson Ports Apt. 498, Robertview, IL 36237",Nicholas Lee,2024-03-29,2025-11-14,"6,9",On-site presence,Milestone-based,High,SOX,8,3
CLIENT018,Lee-Wade,9,3,Education,Asia-Pacific,3086399,Development,Subscription,SMB,"TASK083,TASK107,TASK021","{""urgency"": ""low"", ""compliance"": ""GDPR"", ""tech_stack"": ""Java""}",rodney22@gmail.com,888-107-3834x131,"7018 Anderson Fords Apt. 912, Morrisonmouth, TN 93598",Mark Hodges,2024-02-29,2025-02-27,"6,8,9,10",Security clearance,Net 30,Critical,Basic,1,7
CLIENT019,Knox-Myers,4,4,Healthcare,Asia-Pacific,1518092,Research,Retainer,Enterprise,"TASK040,TASK065,TASK021,TASK002,TASK019","{""urgency"": ""medium"", ""compliance"": ""SOX"", ""tech_stack"": ""Java""}",leekimberly@dodson-lynch.com,001-696-292-1369x23203,"635 Stephanie Passage, Johnchester, LA 88209",Steven Dennis,2024-04-22,2024-08-19,"5,9",Security clearance,Upfront 50%,High,GDPR,1,8
CLIENT020,Clark Ltd,7,1,Healthcare,Asia-Pacific,3853581,Research,Retainer,Startup,"TASK085,TASK092,TASK052,TASK036,TASK030","{""urgency"": ""high"", ""compliance"": ""GDPR"", ""tech_stack"": ""Java""}",bboone@maxwell.org,144.511.0247,"0878 Fernandez Haven, West David, NV 20778",Mark Williams,2024-01-15,2024-08-02,"1,2,5,6,9,10",Security clearance,Upfront 50%,High,Basic,10,8
CLIENT021,Fox-Garcia,5,2,Retail,Asia-Pacific,3481424,Implementation,Fixed-Price,SMB,"TASK080,TASK090,TASK087,TASK063,TASK003","{""urgency"": ""high"", ""compliance"": ""GDPR"", ""tech_stack"": ""Java""}",ochoaelizabeth@small-mayer.com,362-139-4759,"80325 Tate Well, Tapiaside, ND 42674",David Martin,2024-01-10,2025-04-12,"2,6,8",Security clearance,Net 60,Low,Basic,4,6
CLIENT022,"Obrien, Mcintosh and Chan",6,2,Finance,Europe,1123850,Support,Time-Material,Startup,TASK034,"{""urgency"": ""medium"", ""compliance"": ""HIPAA"", ""tech_stack"": ""Java""}",hunterjones@rodriguez-roberts.com,+1-484-231-4401x9669,"933 Eric Divide, West Carolyn, GA 99069",Lori Jones,2024-03-27,2025-03-28,"2,6,7",Security clearance,Milestone-based,High,Basic,6,8
CLIENT023,James and Sons,7,3,Manufacturing,Europe,1976498,Development,Fixed-Price,Enterprise,"TASK107,TASK118","{""urgency"": ""medium"", ""compliance"": ""SOX"", ""tech_stack"": ""Java""}",vbell@hotmail.com,120.794.9347x100,"228 Love Ranch Suite 555, Tamaramouth, DC 17081",Anita White,2024-02-01,2025-03-12,"2,5,8",Security clearance,Net 30,High,SOX,8,8
CLIENT024,Ellis PLC,5,2,Retail,Europe,4301896,Support,Fixed-Price,Fortune500,"TASK024,TASK010,TASK094","{""urgency"": ""high"", ""compliance"": ""HIPAA"", ""tech_stack"": ""React""}",tracey55@gmail.com,(178)230-1560x19936,"8542 Jill Fords, South Troyfort, MA 46885",Ashley Jordan,2024-05-14,2024-11-07,"1,2,3,10",Security clearance,Net 30,Low,HIPAA,1,8
CLIENT025,"Jackson, Williams and Nelson",6,4,Technology,Middle East,2162373,Development,Time-Material,Startup,"TASK079,TASK108","{""urgency"": ""low"", ""compliance"": ""HIPAA"", ""tech_stack"": ""Java""}",ashleystrong@gross.info,0164549277,"7459 Powell Plaza Apt. 118, West Seanshire, RI 92615",Christopher Weber,2024-01-15,2024-10-31,"5,6,10",24/7 Support,Net 60,Medium,GDPR,1,6
CLIENT026,"Morgan, Williams and Brown",1,4,Retail,Middle East,3247792,Development,Fixed-Price,Fortune500,"TASK120,TASK007,TASK030,TASK032","{""urgency"": ""high"", ""compliance"": ""SOX"", ""tech_stack"": ""React""}",ybarnes@washington-nicholson.info,(567)299-2434,"6298 Kevin Mountain, Fordland, AK 60959",Nathaniel Cochran,2024-05-09,2025-05-29,"1,6,7,8,9",24/7 Support,Upfront 50%,High,Basic,1,4
CLIENT027,David LLC,3,5,Manufacturing,North America,1395550,Consulting,Time-Material,Fortune500,"TASK073,TASK018,TASK097,TASK104","{""urgency"": ""low"", ""compliance"": ""GDPR"", ""tech_stack"": ""Python""}",darrenanderson@haley-sandoval.com,+1-043-137-7456x5765,"550 Bruce Hill Suite 867, Krauseburgh, NE 91336",Felicia Rasmussen,2024-05-06,2025-12-31,"1,2,3,6,9",On-site presence,Milestone-based,Low,Basic,3,9
CLIENT028,Holmes Ltd,4,5,Healthcare,Latin America,4015205,Support,Fixed-Price,Enterprise,"TASK067,TASK035,TASK050","{""urgency"": ""high"", ""compliance"": ""SOX"", ""tech_stack"": ""Java""}",boyerjason@hotmail.com,419-136-3860x57574,"PSC 8747, Box 9507, APO AA 52415",Christy Berg,2024-01-11,2024-07-26,"3,6,10",Security clearance,Milestone-based,High,SOX,8,4
CLIENT029,"Mooney, Dalton and Brown",5,3,Finance,Latin America,3185366,Development,Retainer,SMB,TASK026,"{""urgency"": ""low"", ""compliance"": ""HIPAA"", ""tech_stack"": ""Java""}",stevethompson@yahoo.com,001-401-827-8568x651,"97907 Steve Radial Apt. 631, Juarezchester, FL 14622",Christopher Shelton,2024-03-21,2025-01-16,"4,5,9",Security clearance,Net 30,Low,PCI-DSS,7,3
CLIENT030,"Novak, Mckenzie and Mckinney",3,1,Technology,Asia-Pacific,1266398,Consulting,Time-Material,Fortune500,"TASK022,TASK116","{""urgency"": ""low"", ""compliance"": ""SOX"", ""tech_stack"": ""Java""}",hancockbrandon@roberson.com,572-676-9523,"29610 Tyrone Expressway Suite 035, East Maria, NJ 24444",Cynthia Adams,2024-04-18,2024-07-11,"3,8,9",On-site presence,Net 30,High,GDPR,8,1
CLIENT031,Franco-Blackwell,10,5,Education,Middle East,1219929,Support,Fixed-Price,SMB,"TASK119,TASK035","{""urgency"": ""high"", ""compliance"": ""HIPAA"", ""tech_stack"": ""Java""}",michaelsuarez@hotmail.com,+1-628-935-1546x3906,"9408 Thompson Tunnel, West Lee, DE 23360",Natalie Brown,2024-03-02,2025-12-11,"4,8,10",On-site presence,Milestone-based,High,HIPAA,10,8
CLIENT032,Frank-Walsh,9,2,Retail,Latin America,1347018,Implementation,Subscription,Startup,"TASK029,TASK061","{""urgency"": ""high"", ""compliance"": ""HIPAA"", ""tech_stack"": ""Java""}",ggeorge@lawrence.com,555.092.3619x9583,"16336 Jennifer Springs Suite 694, Lewisville, NV 23668",Beth Pierce,2024-02-22,2025-05-14,"2,7,9",On-site presence,Upfront 50%,Medium,GDPR,2,6
CLIENT033,Butler Ltd,4,5,Technology,Europe,274762,Implementation,Fixed-Price,Fortune500,"TASK094,TASK043,TASK054,TASK043,TASK095","{""urgency"": ""medium"", ""compliance"": ""GDPR"", ""tech_stack"": ""Java""}",rfields@hotmail.com,877.758.0091x0420,"10969 Jacqueline Fork Suite 870, South Randy, OH 32211",Megan Smith,2024-05-29,2025-05-21,"2,3,6,7",24/7 Support,Upfront 50%,Critical,PCI-DSS,9,3
CLIENT034,Wilson-Foley,5,4,Healthcare,Latin America,3477901,Support,Fixed-Price,Enterprise,"TASK001,TASK094,TASK074","{""urgency"": ""medium"", ""compliance"": ""SOX"", ""tech_stack"": ""React""}",gutierrezsavannah@martinez.info,956.060.5358x5567,"5343 Jacqueline Villages Apt. 258, Justinview, MA 80353",Crystal Reed,2024-05-05,2025-08-09,"1,5,6,7,9,10",24/7 Support,Upfront 50%,High,PCI-DSS,4,7
CLIENT035,"Cobb, Campbell and Johnson",1,4,Retail,Asia-Pacific,1579841,Consulting,Retainer,Startup,"TASK047,TASK039","{""urgency"": ""medium"", ""compliance"": ""SOX"", ""tech_stack"": ""Java""}",andersonconnor@hotmail.com,001-503-517-1860x71327,"808 Ramirez Haven Apt. 339, New Hannah, MT 04192",Michelle Lutz,2024-01-24,2024-07-08,"2,3,4,6,9,10",Security clearance,Milestone-based,Critical,Basic,1,4
CLIENT036,"Wright, Luna and Rowe",9,4,Retail,North America,1817764,Consulting,Subscription,SMB,TASK103,"{""urgency"": ""low"", ""compliance"": ""GDPR"", ""tech_stack"": ""Java""}",juliemedina@moody-nelson.org,(984)882-9085,"1419 Scott Track Suite 119, Port Dylan, KS 64564",Dustin Edwards,2024-03-05,2024-11-08,"1,3,4,5,10",On-site presence,Upfront 50%,Medium,HIPAA,1,10
CLIENT037,Dyer Ltd,3,5,Education,Europe,2743795,Implementation,Retainer,Enterprise,"TASK076,TASK061,TASK031,TASK095,TASK102","{""urgency"": ""low"", ""compliance"": ""HIPAA"", ""tech_stack"": ""React""}",wangshannon@jenkins.com,+1-462-933-3694,"83225 Sara Tunnel Suite 218, South Jamesmouth, AZ 15514",Lori Kirby,2024-04-17,2024-12-23,"1,2,3,4,10",On-site presence,Net 60,Low,SOX,10,5
CLIENT038,Wood and Sons,10,2,Technology,North America,1316199,Support,Retainer,Fortune500,"TASK092,TASK006,TASK053","{""urgency"": ""medium"", ""compliance"": ""GDPR"", ""tech_stack"": ""Python""}",robertschris@yahoo.com,5244096270,"Unit 9363 Box 8739, DPO AP 03502",Elizabeth Patton,2024-02-04,2024-08-26,"3,4,7,9,10",24/7 Support,Milestone-based,High,Basic,8,7
CLIENT039,"Serrano, Wright and Moody",5,1,Healthcare,Latin America,554635,Consulting,Subscription,SMB,TASK102,"{""urgency"": ""high"", ""compliance"": ""GDPR"", ""tech_stack"": ""React""}",angel29@gmail.com,508-564-3931x70951,"Unit 1279 Box 5345, DPO AE 10694",James Braun,2024-04-07,2025-02-16,"3,8",24/7 Support,Net 30,Critical,GDPR,7,6
CLIENT040,"Mendez, Quinn and Morrow",5,1,Technology,Europe,580856,Consulting,Time-Material,SMB,TASK044,"{""urgency"": ""high"", ""compliance"": ""GDPR"", ""tech_stack"": ""Python""}",mtrujillo@gmail.com,+1-786-197-8888,"0060 Mueller Harbors, Lake Virginia, MN 00610",Joseph Beasley PhD,2024-03-06,2025-06-13,"1,4,7",On-site presence,Net 30,Low,SOX,3,3
CLIENT041,Green Inc,9,3,Manufacturing,Asia-Pacific,2379122,Implementation,Time-Material,Startup,"TASK037,TASK007,TASK058,TASK016","{""urgency"": ""low"", ""compliance"": ""SOX"", ""tech_stack"": ""Python""}",williamspaul@rowland.org,806-322-9166x714,"8703 Christian Station, Parkertown, OK 57685",Tina Nixon,2024-04-12,2025-12-27,"3,4,5,7,8,10",Security clearance,Net 30,Critical,SOX,3,10
CLIENT042,"Gardner, Walker and Hardy",3,2,Retail,Asia-Pacific,4032549,Research,Retainer,SMB,TASK089,"{""urgency"": ""medium"", ""compliance"": ""SOX"", ""tech_stack"": ""Java""}",edwardsdouglas@hotmail.com,783-850-2695x10868,"7577 Joseph Passage, East Jeremy, MI 69574",Austin Moore,2024-03-29,2024-12-27,"1,5",Security clearance,Net 30,Medium,Basic,4,2
CLIENT043,"Cook, Berger and Green",10,5,Manufacturing,Asia-Pacific,1385927,Development,Subscription,SMB,TASK004,"{""urgency"": ""medium"", ""compliance"": ""GDPR"", ""tech_stack"": ""React""}",graybrent@hotmail.com,(945)995-9254x947,"08057 Alyssa Causeway, New Matthewchester, IN 98599",Miguel Cohen,2024-01-18,2025-08-12,"1,5,9",Security clearance,Upfront 50%,Medium,HIPAA,8,5
CLIENT044,Mcdonald and Sons,6,3,Healthcare,Middle East,4285053,Support,Fixed-Price,SMB,"TASK035,TASK101,TASK018,TASK117","{""urgency"": ""high"", ""compliance"": ""SOX"", ""tech_stack"": ""React""}",qcain@johnson.com,(104)472-2763,"21780 Miller Wall, Gonzalesfurt, UT 98373",Christine Moss,2024-03-24,2024-07-15,"2,4,6,7,8,9",24/7 Support,Net 30,Low,GDPR,7,4
CLIENT045,Burns-Davis,7,4,Energy,Europe,2692009,Development,Time-Material,Fortune500,"TASK120,TASK034","{""urgency"": ""low"", ""compliance"": ""GDPR"", ""tech_stack"": ""Python""}",michaelsnyder@gmail.com,001-897-836-4029x0239,"93893 Boyd Roads Suite 606, North Maryland, CO 87232",Jessica Moon,2024-05-08,2025-03-07,"1,2,4,6,7,9",24/7 Support,Net 30,High,SOX,10,10
CLIENT046,"Booker, Ferguson and Webb",6,2,Retail,Latin America,2246796,Development,Retainer,SMB,"TASK066,TASK040,TASK033,TASK017,TASK081","{""urgency"": ""high"", ""compliance"": ""GDPR"", ""tech_stack"": ""React""}",michaelbrowning@hotmail.com,031.488.1964x6530,"251 Jose Spring, Sarahmouth, MT 65490",Aaron Watkins,2024-04-23,2025-05-09,"4,8",On-site presence,Milestone-based,High,SOX,10,5
CLIENT047,"Wood, Mcneil and Martinez",8,2,Manufacturing,Latin America,1568042,Consulting,Retainer,Startup,"TASK019,TASK091,TASK003","{""urgency"": ""high"", ""compliance"": ""HIPAA"", ""tech_stack"": ""React""}",osteele@yahoo.com,491.555.3197x8178,"8715 Hernandez Fort Apt. 859, Danielleville, SC 17073",Lauren Davis,2024-05-10,2024-10-13,"1,2,5,7,8,9",Security clearance,Upfront 50%,Medium,GDPR,8,2
CLIENT048,Freeman-Allen,3,3,Manufacturing,Middle East,459735,Research,Fixed-Price,SMB,"TASK050,TASK099,TASK064,TASK057","{""urgency"": ""medium"", ""compliance"": ""SOX"", ""tech_stack"": ""React""}",carolynsalazar@williams.com,001-106-516-8786x7750,"4596 Brandon Mission Suite 474, South Philipborough, AL 12688",Christopher Gonzalez,2024-04-26,2025-06-08,"4,6",Security clearance,Net 30,Medium,SOX,10,1
CLIENT049,"Miller, Reed and Anderson",5,5,Technology,Europe,4486547,Support,Fixed-Price,Startup,"TASK108,TASK100,TASK087","{""urgency"": ""high"", ""compliance"": ""HIPAA"", ""tech_stack"": ""Python""}",valeriebell@yahoo.com,981-069-3466,"18585 Allison Divide Suite 793, West Melaniebury, OR 42541",Pamela Martin,2024-01-20,2025-05-23,"3,5,8,9,10",24/7 Support,Upfront 50%,Low,Basic,3,4
CLIENT050,Adams Inc,10,2,Technology,Asia-Pacific,3418978,Consulting,Retainer,Fortune500,"TASK051,TASK070","{""urgency"": ""medium"", ""compliance"": ""GDPR"", ""tech_stack"": ""Java""}",johnsanchez@buchanan-murray.com,341.311.7147x85584,"86278 Andre Run, Ericborough, GA 74375",Charles Swanson,2024-02-26,2024-08-10,"2,6,7,9,10",On-site presence,Net 60,Critical,SOX,3,6
CLIENT051,"Hayes, Raymond and Rogers",8,1,Technology,North America,2830621,Support,Subscription,Enterprise,"TASK060,TASK067,TASK080","{""urgency"": ""medium"", ""compliance"": ""HIPAA"", ""tech_stack"": ""React""}",david15@le-rogers.com,576.410.5560x349,"6186 Barrera Junction, Lake Nicholeborough, NV 31634",George Sanders,2024-05-24,2025-04-23,"1,5,8",Security clearance,Net 30,Low,SOX,5,9
CLIENT052,Murray-Ortega,10,1,Retail,Europe,4958901,Implementation,Subscription,SMB,"TASK069,TASK056,TASK042","{""urgency"": ""low"", ""compliance"": ""HIPAA"", ""tech_stack"": ""React""}",dtorres@mitchell.info,573.819.9552x37237,"8198 Douglas Walk Suite 458, Brownshire, NE 20566",Frank Rivera,2024-01-20,2025-09-10,"1,2,6,7,10",On-site presence,Upfront 50%,High,PCI-DSS,5,4
CLIENT053,"Jones, Hunter and Roberts",10,1,Retail,North America,4940537,Support,Fixed-Price,Fortune500,"TASK033,TASK007","{""urgency"": ""low"", ""compliance"": ""GDPR"", ""tech_stack"": ""Java""}",hailey88@gmail.com,001-564-521-4194x8014,"7162 Bobby Stream Suite 293, Port Melissa, KS 63909",Amanda Ward,2024-04-16,2024-07-26,"2,9",24/7 Support,Upfront 50%,Medium,GDPR,9,9
CLIENT054,"Kerr, Hall and Pena",9,3,Manufacturing,Middle East,3825664,Implementation,Subscription,Fortune500,TASK058,"{""urgency"": ""low"", ""compliance"": ""SOX"", ""tech_stack"": ""Java""}",michelle63@hotmail.com,001-086-399-2760x1757,"7443 Michael Estates Apt. 343, Port Jason, IN 95527",Anthony Hughes,2024-02-17,2025-03-12,"6,7,8,9",On-site presence,Net 30,High,SOX,10,5
CLIENT055,"Bradley, Gonzalez and Clark",3,1,Retail,Middle East,2622599,Implementation,Time-Material,Startup,"TASK064,TASK102,TASK018,TASK119,TASK081","{""urgency"": ""high"", ""compliance"": ""GDPR"", ""tech_stack"": ""Java""}",thomassandra@taylor-sandoval.com,734-474-6285,"1270 Moore Mountains, South Kristen, IA 26893",Mallory Roberts,2024-01-29,2025-01-03,"4,7",On-site presence,Upfront 50%,Critical,HIPAA,8,4
CLIENT056,"Williams, Lee and Thompson",5,3,Manufacturing,Latin America,1107995,Implementation,Time-Material,SMB,TASK016,"{""urgency"": ""high"", ""compliance"": ""GDPR"", ""tech_stack"": ""Python""}",anthonyfaulkner@gmail.com,(616)556-4771x95014,"USNV Faulkner, FPO AE 47518",Matthew Hudson,2024-04-17,2024-07-27,"7,9,10",Security clearance,Net 30,Low,Basic,5,10
CLIENT057,Savage-Warren,5,4,Manufacturing,North America,4626741,Research,Fixed-Price,Startup,"TASK005,TASK053,TASK032,TASK016,TASK085","{""urgency"": ""high"", ""compliance"": ""SOX"", ""tech_stack"": ""Java""}",dkennedy@hotmail.com,+1-443-350-5496x1331,"44976 Patel Oval Suite 927, Michealview, CO 45622",John Manning,2024-05-29,2024-12-13,"3,5,9",Security clearance,Net 60,High,GDPR,3,6
CLIENT058,"Conley, Cardenas and Cunningham",2,3,Retail,Middle East,699305,Research,Fixed-Price,Startup,"TASK048,TASK114","{""urgency"": ""medium"", ""compliance"": ""HIPAA"", ""tech_stack"": ""Java""}",andrewanderson@hotmail.com,817-483-5647x626,"220 Samantha Inlet, Sandraburgh, MD 70352",Leah Simmons,2024-01-19,2024-06-07,"1,2,3,6,9,10",Security clearance,Net 60,Medium,Basic,7,5
CLIENT059,Brown PLC,6,5,Manufacturing,North America,1975407,Consulting,Time-Material,SMB,"TASK115,TASK010","{""urgency"": ""high"", ""compliance"": ""HIPAA"", ""tech_stack"": ""Python""}",brownstacey@johnson.com,+1-870-369-5747x6237,"1161 Stephens Views Apt. 668, Brownmouth, AZ 05763",Thomas Nichols,2024-04-25,2025-02-25,"2,10",On-site presence,Upfront 50%,Low,PCI-DSS,10,9
CLIENT060,Strickland Ltd,7,2,Healthcare,Latin America,2659552,Consulting,Retainer,SMB,TASK036,"{""urgency"": ""high"", ""compliance"": ""GDPR"", ""tech_stack"": ""React""}",christineorozco@gmail.com,+1-337-841-4861x25812,"1054 Graham Forge, East Abigailberg, IN 17983",Aaron Bell,2024-01-17,2025-05-27,"2,4",Security clearance,Net 60,Medium,PCI-DSS,1,3
CLIENT061,Miller-Crawford,2,5,Manufacturing,Asia-Pacific,2156842,Consulting,Fixed-Price,Fortune500,"TASK046,TASK062","{""urgency"": ""low"", ""compliance"": ""HIPAA"", ""tech_stack"": ""Java""}",karla81@rivers-miller.com,(715)632-2637x2090,"951 Foster Fall Suite 030, East Paula, KY 83086",Christine Novak,2024-01-17,2024-07-02,"4,8",24/7 Support,Net 60,High,SOX,5,4
CLIENT062,"Ellis, Allen and Walters",3,2,Finance,Middle East,3785816,Research,Retainer,Enterprise,"TASK025,TASK007,TASK112,TASK070,TASK069","{""urgency"": ""high"", ""compliance"": ""GDPR"", ""tech_stack"": ""Java""}",ryan24@gmail.com,001-633-629-3337,"0160 Johnson Trace Suite 801, East Lisashire, HI 40451",Crystal Petersen,2024-04-17,2025-12-23,"5,6,7,8,10",24/7 Support,Milestone-based,High,HIPAA,8,7
CLIENT063,Howell-Powers,8,1,Manufacturing,North America,4724785,Implementation,Subscription,Enterprise,"TASK057,TASK023,TASK103,TASK096","{""urgency"": ""low"", ""compliance"": ""GDPR"", ""tech_stack"": ""React""}",robinroberts@gmail.com,583-145-6332x437,"059 Kristen Stream Suite 190, Davisland, ME 62289",Brooke Ramirez,2024-05-20,2024-10-24,"3,6,8",24/7 Support,Net 30,Medium,Basic,4,10
CLIENT064,Cook-Jimenez,9,2,Healthcare,Middle East,4170657,Support,Fixed-Price,Fortune500,"TASK112,TASK120,TASK092,TASK018","{""urgency"": ""medium"", ""compliance"": ""HIPAA"", ""tech_stack"": ""Java""}",fuentesthomas@weber.net,999-646-4249x4295,"3947 Amanda Viaduct Suite 823, East Ericside, DC 66747",Virginia Rodriguez,2024-04-19,2025-03-03,"1,7,9",Security clearance,Upfront 50%,Medium,GDPR,1,9
CLIENT065,Johnston-Stuart,9,4,Retail,Middle East,2492199,Development,Time-Material,Enterprise,"TASK107,TASK003,TASK038,TASK030,TASK111","{""urgency"": ""high"", ""compliance"": ""GDPR"", ""tech_stack"": ""Python""}",vlowe@gmail.com,001-150-639-7644x1814,"273 Brandon Rapids, Port Robert, ID 15573",Michael Chang,2024-03-22,2025-03-13,"1,2,3,4,5,10",24/7 Support,Upfront 50%,High,GDPR,8,1
CLIENT066,Johnson-Gibson,7,1,Retail,Asia-Pacific,3989887,Implementation,Retainer,Startup,"TASK090,TASK024,TASK070,TASK060","{""urgency"": ""medium"", ""compliance"": ""SOX"", ""tech_stack"": ""Java""}",william79@hotmail.com,001-369-584-5833x706,"262 Mccarthy Courts Suite 267, Alexandertown, FL 17737",Nancy Weaver,2024-01-23,2025-08-13,"4,9",On-site presence,Upfront 50%,Low,HIPAA,7,1
CLIENT067,"Taylor, Davis and Gross",8,4,Education,North America,3564376,Consulting,Subscription,Enterprise,"TASK097,TASK004,TASK115,TASK094","{""urgency"": ""medium"", ""compliance"": ""HIPAA"", ""tech_stack"": ""Java""}",rachelcortez@hotmail.com,527.579.6001x15270,"418 Anderson Courts Apt. 750, Emilyfort, WA 89673",Joshua Miller,2024-05-19,2025-02-21,"1,2,4,5,8,10",Security clearance,Net 60,Low,PCI-DSS,6,7
CLIENT068,Lopez-Simmons,1,1,Manufacturing,North America,663054,Research,Retainer,SMB,"TASK017,TASK018,TASK032,TASK012,TASK006","{""urgency"": ""low"", ""compliance"": ""SOX"", ""tech_stack"": ""Python""}",gdavis@yahoo.com,929.546.0545x32125,"Unit 5585 Box 4510, DPO AP 68169",Nichole Nguyen,2024-04-04,2024-09-03,"4,6",Security clearance,Net 60,Medium,GDPR,1,6
CLIENT069,Marquez-Thompson,5,1,Manufacturing,Latin America,115372,Implementation,Subscription,Enterprise,"TASK059,TASK032,TASK099","{""urgency"": ""low"", ""compliance"": ""GDPR"", ""tech_stack"": ""Python""}",kathymolina@gmail.com,425-117-1246,"442 Mendez Underpass, Smithberg, OR 47901",Juan Johnson,2024-02-02,2024-11-27,"4,8,9,10",Security clearance,Net 30,Low,GDPR,9,10
CLIENT070,Armstrong-Matthews,5,3,Finance,Latin America,2237989,Development,Time-Material,Startup,TASK119,"{""urgency"": ""high"", ""compliance"": ""HIPAA"", ""tech_stack"": ""Java""}",jeffrey66@yahoo.com,578-359-9653,"070 Burton Via, Rachelville, WI 52994",Cynthia White,2024-04-28,2025-03-19,"1,3,5,6,8,9",Security clearance,Milestone-based,High,PCI-DSS,5,1
CLIENT071,Reid-Taylor,10,1,Energy,Asia-Pacific,2768372,Development,Retainer,Startup,TASK012,"{""urgency"": ""low"", ""compliance"": ""HIPAA"", ""tech_stack"": ""React""}",dunndarius@gmail.com,(962)599-5551,"USNS Taylor, FPO AP 36378",Hannah Tucker,2024-05-12,2024-12-26,"1,2,10",24/7 Support,Net 60,Low,Basic,7,10
CLIENT072,"Hall, Kelley and Meyer",8,1,Retail,Middle East,3514191,Consulting,Subscription,Fortune500,"TASK087,TASK022,TASK012,TASK021","{""urgency"": ""high"", ""compliance"": ""GDPR"", ""tech_stack"": ""Java""}",cristina85@yahoo.com,+1-139-157-9670x3650,"934 Misty Shoals, South Timothy, NV 71962",Janet Wells,2024-02-18,2024-06-13,"2,3,5",On-site presence,Upfront 50%,Low,PCI-DSS,9,1
CLIENT073,Escobar Group,1,3,Technology,Latin America,53377,Support,Time-Material,Fortune500,"TASK109,TASK047,TASK096","{""urgency"": ""high"", ""compliance"": ""GDPR"", ""tech_stack"": ""Java""}",thansen@singleton.com,001-144-715-7022x0707,"2908 Nicholson Point Suite 596, Thompsonton, HI 05282",Frank Griffin,2024-02-28,2025-01-20,"1,2,3,6,8",Security clearance,Upfront 50%,Medium,SOX,8,7
CLIENT074,"Moore, Patterson and May",6,2,Retail,Europe,4061531,Consulting,Retainer,Fortune500,TASK078,"{""urgency"": ""high"", ""compliance"": ""HIPAA"", ""tech_stack"": ""Python""}",tracimiranda@zimmerman.biz,180-720-3421,"045 Robinson Valleys Apt. 806, Lake Juliestad, HI 09810",Ashley Dickerson,2024-05-23,2024-11-14,"2,3,7,8",Security clearance,Net 30,Critical,SOX,2,2
CLIENT075,Caldwell-Herrera,3,4,Energy,Europe,2862406,Development,Subscription,SMB,"TASK054,TASK024,TASK098","{""urgency"": ""low"", ""compliance"": ""SOX"", ""tech_stack"": ""React""}",gberg@yahoo.com,001-158-096-0429,"8179 Moore Unions Suite 662, Jacobport, FL 93322",Danielle Lucas,2024-05-11,2025-01-24,"2,3,4,5,8,10",On-site presence,Upfront 50%,Medium,PCI-DSS,2,7
CLIENT076,"Jordan, Duncan and Mathis",9,4,Finance,Asia-Pacific,2395030,Development,Subscription,Enterprise,"TASK071,TASK105","{""urgency"": ""low"", ""compliance"": ""HIPAA"", ""tech_stack"": ""Java""}",samanthabailey@gmail.com,001-303-798-6907x477,"5214 Richard Spurs Suite 145, Humphreyton, TN 87344",Kimberly Garcia,2024-01-09,2024-11-06,"4,5",24/7 Support,Milestone-based,High,PCI-DSS,6,10
CLIENT077,"Morris, Sutton and Jensen",2,1,Manufacturing,Latin America,2328762,Implementation,Time-Material,Fortune500,"TASK049,TASK025,TASK110","{""urgency"": ""medium"", ""compliance"": ""GDPR"", ""tech_stack"": ""Java""}",ydaniels@hotmail.com,220.323.4058,"980 Wilson Ford, Port Richard, OR 44344",Maria Cruz,2024-03-03,2025-04-30,"6,8",24/7 Support,Net 30,Medium,SOX,10,8
CLIENT078,Mathis PLC,8,1,Healthcare,Latin America,3761713,Implementation,Subscription,SMB,"TASK021,TASK084,TASK110,TASK063","{""urgency"": ""high"", ""compliance"": ""HIPAA"", ""tech_stack"": ""Python""}",cindysavage@gmail.com,001-782-905-1530x155,"Unit 3298 Box 6826, DPO AE 02741",Amanda Herring,2024-01-19,2025-04-07,"1,5,6,7,9",Security clearance,Net 30,Critical,SOX,3,5
CLIENT079,Yates-Castro,6,3,Finance,Middle East,1268702,Research,Retainer,Enterprise,TASK055,"{""urgency"": ""medium"", ""compliance"": ""GDPR"", ""tech_stack"": ""React""}",jonathonwhite@yahoo.com,744-634-4002,"Unit 7558 Box 6304, DPO AE 65203",Steven Mayo,2024-04-17,2025-03-12,"1,2,3,9",Security clearance,Net 30,Critical,SOX,8,8
CLIENT080,Mcfarland Group,2,1,Finance,Middle East,3907335,Research,Fixed-Price,Enterprise,"TASK031,TASK067","{""urgency"": ""low"", ""compliance"": ""SOX"", ""tech_stack"": ""Python""}",oriley@conley.com,727.211.7548x00554,"446 Murray Light, Greenfort, NC 29089",Jasmine Downs,2024-02-16,2025-07-04,"3,5",24/7 Support,Net 30,High,Basic,7,8
CLIENT081,"Johnson, Williams and Boyd",10,4,Education,Latin America,3020042,Consulting,Subscription,SMB,"TASK101,TASK080","{""urgency"": ""high"", ""compliance"": ""SOX"", ""tech_stack"": ""Python""}",snydermeghan@gmail.com,585-979-4166x2472,"6996 Jamie Crossroad Apt. 634, Cruzhaven, AZ 80381",Katherine Harding,2024-03-13,2025-11-07,"1,2,3,9",On-site presence,Upfront 50%,Medium,HIPAA,4,6
CLIENT082,Elliott-Jenkins,9,2,Technology,Asia-Pacific,4802372,Implementation,Time-Material,Startup,"TASK074,TASK041","{""urgency"": ""high"", ""compliance"": ""HIPAA"", ""tech_stack"": ""React""}",mcleanjessica@yahoo.com,001-751-601-4086x671,"37133 Perez Bridge Suite 991, Michaelmouth, VT 64268",Jeremy Duncan MD,2024-04-14,2025-12-06,"1,10",On-site presence,Milestone-based,Medium,PCI-DSS,10,6
CLIENT083,Taylor Group,3,5,Energy,Middle East,2097237,Consulting,Time-Material,SMB,"TASK027,TASK050,TASK054,TASK066","{""urgency"": ""high"", ""compliance"": ""GDPR"", ""tech_stack"": ""Python""}",jonesjohn@yahoo.com,397-061-0648x3509,"136 Mary Meadow, South Madisonfort, NV 77482",Bradley Knight,2024-05-07,2025-03-08,"5,6,9,10",On-site presence,Upfront 50%,Low,PCI-DSS,1,5
CLIENT084,Holmes PLC,9,4,Healthcare,North America,3646486,Research,Retainer,SMB,"TASK090,TASK108,TASK078,TASK091,TASK104","{""urgency"": ""low"", ""compliance"": ""GDPR"", ""tech_stack"": ""Python""}",phoover@yahoo.com,2215718618,"2637 Erin Circles, New Rebecca, CT 25815",Doris Clark,2024-03-22,2024-12-26,"2,4,5,8",24/7 Support,Milestone-based,Low,HIPAA,6,9
CLIENT085,Gonzalez PLC,3,1,Technology,Latin America,4707370,Research,Retainer,Fortune500,"TASK010,TASK081,TASK062","{""urgency"": ""low"", ""compliance"": ""GDPR"", ""tech_stack"": ""Java""}",hallkelli@garcia.com,001-436-807-1376,"746 Young Loaf Suite 883, North Gregorybury, AR 77912",Stephen Johnston,2024-04-02,2024-06-09,"3,6,10",Security clearance,Upfront 50%,Low,PCI-DSS,10,10
CLIENT086,"Hooper, Grant and Lewis",10,2,Finance,Middle East,90925,Development,Time-Material,Fortune500,"TASK034,TASK099,TASK106,TASK097,TASK006","{""urgency"": ""medium"", ""compliance"": ""SOX"", ""tech_stack"": ""Java""}",michaelcrawford@parker.com,(636)244-0314,"30956 Nelson Trail, Lake Scott, DC 27645",Robert Duke,2024-03-28,2025-05-08,"2,3,4,5,9,10",Security clearance,Net 60,High,SOX,1,2
CLIENT087,Jones-Short,9,2,Energy,North America,1648084,Support,Time-Material,SMB,"TASK064,TASK062,TASK061,TASK002,TASK080","{""urgency"": ""medium"", ""compliance"": ""GDPR"", ""tech_stack"": ""Java""}",ronaldsweeney@ibarra.org,+1-533-574-1141x61039,"76360 Mclaughlin Point Apt. 198, Danielfort, DE 65686",Edward Khan,2024-05-21,2025-08-20,"3,8",On-site presence,Net 30,Medium,Basic,8,9
CLIENT088,Williams-Schneider,5,4,Energy,North America,1647788,Support,Retainer,Enterprise,"TASK010,TASK041,TASK120","{""urgency"": ""high"", ""compliance"": ""SOX"", ""tech_stack"": ""Python""}",alexandragriffin@howell.org,(583)183-4266,"8239 Wilson River Apt. 951, Ryanfurt, TN 10234",Gregory Hicks,2024-01-30,2025-10-11,"2,5,6",On-site presence,Net 30,High,PCI-DSS,3,10
CLIENT089,Navarro-Harris,6,2,Energy,North America,4624240,Consulting,Fixed-Price,SMB,"TASK095,TASK061","{""urgency"": ""medium"", ""compliance"": ""SOX"", ""tech_stack"": ""React""}",rebeccajones@cox-gallagher.com,(961)828-0694x4704,"9843 Martin Ramp, East Victoria, NJ 56404",Michael Navarro,2024-03-16,2025-01-07,"3,4,5,10",24/7 Support,Net 60,High,SOX,8,6
CLIENT090,Carter Inc,3,4,Retail,North America,3836110,Implementation,Time-Material,Fortune500,"TASK089,TASK017,TASK069,TASK090,TASK051","{""urgency"": ""high"", ""compliance"": ""SOX"", ""tech_stack"": ""Python""}",rachel48@yahoo.com,(274)052-7332,"1334 Terry Crest, Wardmouth, MN 49430",Carla Andrews,2024-03-17,2025-04-13,"2,6,9",Security clearance,Milestone-based,Critical,PCI-DSS,3,7
CLIENT091,"Mcclure, Johnson and Castillo",10,1,Manufacturing,Latin America,1108317,Support,Subscription,Enterprise,"TASK107,TASK026","{""urgency"": ""low"", ""compliance"": ""GDPR"", ""tech_stack"": ""Java""}",rodriguezsuzanne@thompson-greene.com,968.956.2659,"1890 Herrera Lodge Apt. 643, Christopherchester, MS 31729",Alexandria Wilkins,2024-05-14,2024-07-24,"2,4,5,6,7",On-site presence,Upfront 50%,High,SOX,4,4
CLIENT092,Orozco-Griffith,5,5,Retail,Latin America,4554874,Research,Fixed-Price,Enterprise,"TASK004,TASK031,TASK015,TASK091","{""urgency"": ""low"", ""compliance"": ""GDPR"", ""tech_stack"": ""React""}",sbarnes@hotmail.com,(819)289-4843,"165 Eric Streets, Jenniferberg, KY 96045",Colin Short,2024-03-03,2025-08-27,"2,4,8,10",24/7 Support,Milestone-based,High,GDPR,5,7
CLIENT093,Hood Ltd,1,3,Education,Asia-Pacific,4086507,Research,Retainer,Enterprise,"TASK116,TASK070,TASK120","{""urgency"": ""low"", ""compliance"": ""GDPR"", ""tech_stack"": ""React""}",qmurray@yahoo.com,+1-146-965-6019x8070,"7220 Andrews Parks, Holmesport, DC 52472",Michele Allen,2024-02-29,2025-07-15,"2,8",Security clearance,Milestone-based,High,Basic,4,7
CLIENT094,"Miller, Webb and Velez",4,1,Energy,Asia-Pacific,2509055,Development,Fixed-Price,Fortune500,"TASK066,TASK073,TASK021,TASK073","{""urgency"": ""low"", ""compliance"": ""HIPAA"", ""tech_stack"": ""Python""}",coleandrew@gmail.com,540.136.7065,"390 Philip Camp, Herrerachester, CO 93526",Terry Watkins,2024-05-21,2025-04-19,"4,5",24/7 Support,Upfront 50%,Critical,HIPAA,9,3
CLIENT095,"Morgan, Bryan and Peters",8,1,Finance,North America,3814426,Implementation,Retainer,SMB,"TASK001,TASK026","{""urgency"": ""low"", ""compliance"": ""SOX"", ""tech_stack"": ""React""}",ylara@andrade.org,(465)968-8304,"3930 Cody Springs, Thomastown, KS 50334",Natalie Smith,2024-05-07,2024-07-30,"1,2,4,5,7,9",Security clearance,Net 60,Medium,HIPAA,2,9
CLIENT096,"Collier, Ross and Perez",5,2,Finance,Latin America,3350156,Development,Time-Material,Fortune500,"TASK113,TASK115","{""urgency"": ""high"", ""compliance"": ""HIPAA"", ""tech_stack"": ""Python""}",kelly58@gmail.com,764-941-1481x341,"50680 Zoe Valley, Christopherstad, KS 08566",William Santana,2024-04-25,2025-09-15,"7,9",24/7 Support,Net 30,High,GDPR,1,4
CLIENT097,Mullins-Mendez,6,4,Education,Asia-Pacific,1052150,Research,Fixed-Price,Startup,"TASK022,TASK033","{""urgency"": ""low"", ""compliance"": ""GDPR"", ""tech_stack"": ""React""}",pamelaconrad@baird.com,001-773-521-4198x42793,"911 Michael Mountain, West Saraberg, LA 55621",Joseph Crawford,2024-01-11,2025-10-08,"2,3,6,7,10",24/7 Support,Net 60,Critical,SOX,2,3
CLIENT098,Brown Group,5,3,Technology,Asia-Pacific,1817680,Research,Fixed-Price,Startup,TASK041,"{""urgency"": ""high"", ""compliance"": ""HIPAA"", ""tech_stack"": ""Java""}",mckinneykent@yahoo.com,(525)455-0199,"0052 Haynes Way Suite 636, New Alyssa, HI 54790",Ashley Tyler,2024-02-14,2025-01-31,"6,9,10",24/7 Support,Milestone-based,Medium,HIPAA,9,5
CLIENT099,"Patel, Harris and Conley",10,1,Retail,Asia-Pacific,1049970,Consulting,Fixed-Price,Fortune500,TASK045,"{""urgency"": ""high"", ""compliance"": ""HIPAA"", ""tech_stack"": ""Python""}",ejackson@ward.biz,9679575767,"3293 Sarah Mall Apt. 661, Port Sabrinahaven, KS 37158",Martha Scott,2024-04-24,2025-01-03,"2,5,6",On-site presence,Milestone-based,Critical,HIPAA,5,10
CLIENT100,Smith LLC,3,4,Technology,North America,1625508,Development,Subscription,Startup,TASK052,"{""urgency"": ""low"", ""compliance"": ""GDPR"", ""tech_stack"": ""React""}",betty27@gmail.com,+1-514-776-6246x062,"964 Bailey Well, New Daniel, OK 66280",Jennifer Velasquez,2024-02-16,2025-09-15,"5,6,7,8",24/7 Support,Net 60,High,SOX,7,7
CLIENT101,"Hardy, Lynch and Parker",2,5,Finance,Europe,1852822,Development,Time-Material,Startup,"TASK040,TASK013","{""urgency"": ""high"", ""compliance"": ""SOX"", ""tech_stack"": ""React""}",hardymarcus@hotmail.com,806.885.5289x27200,"265 Michael Street, Jessicamouth, MI 11314",Darren Porter,2024-05-29,2025-07-28,"5,6,9,10",24/7 Support,Net 60,High,Basic,2,4
CLIENT102,Clark Group,9,2,Retail,Latin America,2336299,Research,Time-Material,Fortune500,"TASK091,TASK085","{""urgency"": ""medium"", ""compliance"": ""HIPAA"", ""tech_stack"": ""React""}",pcurry@gmail.com,239-559-9990x85963,"051 Nicholas Harbor Apt. 918, Lake Kimberlystad, NM 19554",Michael Thomas,2024-05-06,2024-10-16,"1,3,5,6,8",On-site presence,Upfront 50%,Low,HIPAA,3,9
CLIENT103,Williams-Brown,6,3,Energy,Latin America,2618193,Development,Subscription,Startup,"TASK050,TASK021,TASK089","{""urgency"": ""low"", ""compliance"": ""GDPR"", ""tech_stack"": ""Java""}",karen50@johnson-thompson.com,196.520.4355x59453,"USNV Lopez, FPO AA 40623",Jared Grant,2024-05-05,2025-12-02,"1,3,6,7,9",24/7 Support,Upfront 50%,Medium,Basic,10,1
CLIENT104,"Davidson, Williams and Duffy",2,1,Energy,Latin America,1758609,Implementation,Fixed-Price,Enterprise,"TASK064,TASK031,TASK091","{""urgency"": ""low"", ""compliance"": ""GDPR"", ""tech_stack"": ""Java""}",kristaburke@reynolds.org,001-233-737-6798x63257,"552 Cortez Divide Apt. 459, Kennethmouth, ND 94568",Billy Mendez,2024-05-07,2025-06-13,"2,5,7,8,9,10",On-site presence,Net 30,Low,SOX,1,2
CLIENT105,"Kaiser, Sullivan and Mendez",8,3,Energy,Europe,3205872,Support,Subscription,Startup,"TASK022,TASK074,TASK059,TASK088,TASK035","{""urgency"": ""medium"", ""compliance"": ""GDPR"", ""tech_stack"": ""React""}",deanna20@smith.com,808-830-2823x6957,"26843 Gillespie Views Suite 608, Cardenasberg, DC 58726",Alan Zuniga,2024-02-13,2024-12-15,"1,4,6,7,8",Security clearance,Net 60,High,SOX,4,7
CLIENT106,Mills-Schultz,9,5,Education,Asia-Pacific,1295479,Support,Time-Material,Startup,TASK013,"{""urgency"": ""low"", ""compliance"": ""SOX"", ""tech_stack"": ""Python""}",yreed@freeman.com,114-793-1974x825,"Unit 0151 Box 6191, DPO AE 90848",Kevin Stewart,2024-04-16,2025-04-27,"1,5,9,10",24/7 Support,Milestone-based,Low,HIPAA,10,3
CLIENT107,"Pena, Love and Welch",4,1,Education,Asia-Pacific,2318530,Consulting,Retainer,SMB,"TASK008,TASK086","{""urgency"": ""low"", ""compliance"": ""GDPR"", ""tech_stack"": ""React""}",dominiquetodd@sullivan.com,001-344-034-7922x74754,"0783 Miller Garden, New Donna, MD 29758",Jack Martinez,2024-01-07,2025-02-13,"2,3,8",Security clearance,Milestone-based,Critical,Basic,2,6
CLIENT108,Barry-Rios,9,3,Healthcare,Middle East,1758849,Consulting,Time-Material,SMB,"TASK053,TASK010,TASK049,TASK030","{""urgency"": ""high"", ""compliance"": ""GDPR"", ""tech_stack"": ""React""}",georgemarsh@santos-lozano.com,899.648.7252,"89556 Walters Gardens, West Frederickhaven, NC 33999",Patricia Wright,2024-05-10,2024-07-03,"2,4,5,8",On-site presence,Milestone-based,Low,GDPR,8,4
CLIENT109,Perez Group,2,5,Retail,Latin America,556800,Implementation,Subscription,SMB,"TASK008,TASK084","{""urgency"": ""medium"", ""compliance"": ""SOX"", ""tech_stack"": ""Java""}",lauren29@gonzalez.info,057-264-9715,"1259 Edwards Haven, East Lindseyhaven, NC 46616",Jamie Evans,2024-02-18,2025-03-15,"1,6,9,10",Security clearance,Milestone-based,High,SOX,3,1
CLIENT110,"Miller, Kelley and Hendrix",7,5,Healthcare,North America,4388534,Consulting,Subscription,Startup,"TASK078,TASK032,TASK114","{""urgency"": ""high"", ""compliance"": ""SOX"", ""tech_stack"": ""React""}",kyleharris@greer.com,001-027-339-2553,"88922 Wayne Lodge, East Angelachester, SD 46916",Jason James,2024-02-15,2025-10-17,"1,2,5,6,9,10",Security clearance,Net 30,Critical,Basic,8,8
CLIENT111,Walter-Sanchez,4,1,Education,Europe,1057006,Research,Subscription,Startup,"TASK112,TASK050,TASK033,TASK030,TASK097","{""urgency"": ""high"", ""compliance"": ""GDPR"", ""tech_stack"": ""React""}",nancyjohnson@gmail.com,473-969-1827x866,"66628 Tami Fords Suite 298, Kleinland, LA 99892",Thomas Farrell,2024-02-23,2024-09-10,"1,2,3,4,10",On-site presence,Net 30,High,SOX,2,5
CLIENT112,Frye Group,9,4,Education,Europe,3331861,Consulting,Time-Material,Startup,"TASK075,TASK011,TASK060,TASK024,TASK007","{""urgency"": ""medium"", ""compliance"": ""GDPR"", ""tech_stack"": ""Python""}",rvincent@yahoo.com,(604)911-5760x2483,"740 Brandi Isle, Lake Valerieshire, MT 87146",Lisa Sandoval,2024-05-26,2025-05-18,"4,6,9",Security clearance,Upfront 50%,High,HIPAA,8,6
CLIENT113,"Snyder, Castro and Hernandez",6,1,Retail,Europe,2109505,Development,Time-Material,Startup,TASK019,"{""urgency"": ""high"", ""compliance"": ""GDPR"", ""tech_stack"": ""React""}",kimberly04@gmail.com,+1-966-638-6851x709,"43406 Wood Estate Apt. 128, East Alexandraburgh, UT 05199",Susan Shaw,2024-02-25,2025-02-03,"2,4,5,6,7,8",On-site presence,Net 60,Medium,PCI-DSS,2,9
CLIENT114,Ponce Group,4,4,Energy,Latin America,182137,Support,Time-Material,SMB,TASK108,"{""urgency"": ""medium"", ""compliance"": ""GDPR"", ""tech_stack"": ""Python""}",lpatton@yahoo.com,672.005.1848x36542,"231 Simmons Isle, South Arthur, NM 73599",Julie Ramirez,2024-05-17,2025-03-31,"3,4,7",Security clearance,Net 30,High,PCI-DSS,8,9
CLIENT115,"Wilson, Banks and Garcia",1,5,Healthcare,North America,3421651,Support,Fixed-Price,SMB,TASK096,"{""urgency"": ""high"", ""compliance"": ""GDPR"", ""tech_stack"": ""Python""}",yglenn@yahoo.com,001-562-709-7963,"35408 Alan Squares Apt. 823, Kimberlymouth, NC 52215",Steven Moore,2024-01-13,2024-11-01,"1,3,5,8,10",24/7 Support,Net 30,High,SOX,2,7
CLIENT116,Young Ltd,5,1,Manufacturing,Middle East,4782673,Implementation,Fixed-Price,Startup,"TASK093,TASK096,TASK112,TASK075,TASK106","{""urgency"": ""medium"", ""compliance"": ""GDPR"", ""tech_stack"": ""Python""}",hicksaaron@walters.com,257-707-2111x76798,"2119 Rachel Loaf, South Raymondmouth, NV 65668",Erica Parker,2024-01-18,2024-11-02,"2,3,6,8,9,10",24/7 Support,Net 60,High,HIPAA,3,5
CLIENT117,Buchanan-Weeks,7,1,Finance,North America,3394552,Implementation,Fixed-Price,Fortune500,"TASK092,TASK062","{""urgency"": ""low"", ""compliance"": ""SOX"", ""tech_stack"": ""React""}",erichards@hotmail.com,(350)185-1204x543,"761 Jose Pine, Tranton, ND 65524",Margaret Kelly,2024-04-07,2025-11-29,"1,6,7,8,10",24/7 Support,Milestone-based,Medium,PCI-DSS,3,4
CLIENT118,Garrett LLC,4,5,Energy,Europe,2405843,Development,Time-Material,Startup,"TASK029,TASK079,TASK042,TASK054,TASK013","{""urgency"": ""medium"", ""compliance"": ""HIPAA"", ""tech_stack"": ""Python""}",deborahlong@yahoo.com,(024)096-5931x68163,"7729 Jennifer Loop Suite 981, New Molly, AZ 60776",David Foster,2024-01-30,2024-07-05,"1,3,7,10",24/7 Support,Upfront 50%,Low,SOX,3,8
CLIENT119,Norton LLC,1,4,Retail,North America,1664174,Development,Fixed-Price,Startup,TASK093,"{""urgency"": ""low"", ""compliance"": ""HIPAA"", ""tech_stack"": ""Java""}",josefrank@martinez.com,5160333546,"25846 Glenda Crossroad Apt. 892, Alyssaville, TN 45790",Melissa Avery,2024-05-29,2025-08-30,"1,2,6,7,8,9",On-site presence,Upfront 50%,Critical,HIPAA,3,8
CLIENT120,Collins-Cantrell,4,5,Retail,Europe,3896604,Implementation,Fixed-Price,SMB,"TASK009,TASK081,TASK083,TASK093","{""urgency"": ""low"", ""compliance"": ""GDPR"", ""tech_stack"": ""Java""}",cathy60@hotmail.com,199-198-3406,"65131 Katrina Streets Suite 629, Lake Anna, DC 42417",Catherine Mora,2024-03-09,2025-10-20,"1,4,6,7,8",Security clearance,Milestone-based,Low,PCI-DSS,2,1
CLIENT121,Garcia-Allen,1,2,Finance,Middle East,3466290,Implementation,Fixed-Price,Enterprise,TASK059,"{""urgency"": ""medium"", ""compliance"": ""HIPAA"", ""tech_stack"": ""Python""}",mcdonalddavid@davis.com,114-379-2825,"422 Reeves Ways, Jenniferside, DE 97652",Traci Anderson,2024-04-12,2025-03-09,"6,10",On-site presence,Net 60,Critical,HIPAA,4,2
CLIENT122,Patterson Group,4,4,Manufacturing,Middle East,1754252,Research,Subscription,Fortune500,"TASK040,TASK111,TASK045,TASK113","{""urgency"": ""high"", ""compliance"": ""SOX"", ""tech_stack"": ""Python""}",awatkins@gmail.com,+1-824-311-2287,"532 Scott Brooks, Port Barbaraborough, VA 50299",Kristen Williams,2024-04-05,2025-04-30,"1,3,7,8,10",Security clearance,Net 60,Critical,SOX,6,1
CLIENT123,Brown Ltd,4,5,Healthcare,Latin America,1160342,Research,Subscription,Enterprise,"TASK059,TASK111,TASK049,TASK076,TASK115","{""urgency"": ""medium"", ""compliance"": ""SOX"", ""tech_stack"": ""React""}",pconway@gmail.com,+1-017-584-4228x24857,"28318 Miller Ferry, Port Kimberlystad, MO 68045",Amber Tran,2024-05-21,2024-10-21,"1,3,7,8,9",Security clearance,Net 30,Low,SOX,9,10
CLIENT124,Martin-Jones,3,2,Retail,Asia-Pacific,1761622,Development,Retainer,Startup,"TASK014,TASK034","{""urgency"": ""high"", ""compliance"": ""HIPAA"", ""tech_stack"": ""React""}",maypaul@kerr.biz,089.520.8677x366,"1177 Thomas Well, Lake Dana, WA 89246",Tammy White,2024-05-13,2025-05-02,"1,3,5,8",On-site presence,Net 30,Medium,SOX,4,2
CLIENT125,Duncan LLC,4,4,Retail,Latin America,187987,Consulting,Subscription,Enterprise,TASK037,"{""urgency"": ""medium"", ""compliance"": ""SOX"", ""tech_stack"": ""Python""}",joseharris@yahoo.com,899-912-5990x9906,"32539 Robert Ports, Ianhaven, KY 33233",William Johnson,2024-04-07,2025-05-17,"1,6,9",On-site presence,Net 30,Medium,HIPAA,4,4
CLIENT126,"Chang, Morris and Meyer",6,4,Healthcare,North America,2554654,Consulting,Fixed-Price,Fortune500,TASK010,"{""urgency"": ""high"", ""compliance"": ""SOX"", ""tech_stack"": ""Java""}",bruceellis@cole.com,(108)410-5005,"31458 Raymond Glen Apt. 920, West Christina, DE 30589",Eric Briggs,2024-01-21,2025-01-03,"2,4,10",24/7 Support,Milestone-based,High,PCI-DSS,7,10
CLIENT127,Jackson-Gutierrez,7,2,Finance,Asia-Pacific,4598637,Development,Subscription,Startup,"TASK058,TASK090","{""urgency"": ""medium"", ""compliance"": ""HIPAA"", ""tech_stack"": ""Python""}",fieldsrebecca@moore.org,3892279040,"833 Charles Forks, Lake Joseberg, MD 31601",Chad Frey,2024-02-12,2024-11-20,"7,8,10",On-site presence,Net 30,High,SOX,2,2
CLIENT128,Mitchell Group,5,4,Technology,Latin America,2491367,Implementation,Fixed-Price,Fortune500,"TASK002,TASK036,TASK099","{""urgency"": ""high"", ""compliance"": ""HIPAA"", ""tech_stack"": ""Python""}",crawfordxavier@hotmail.com,+1-058-592-4508,"390 Williams Orchard Apt. 142, Milesshire, LA 67538",Mike King,2024-03-30,2025-01-17,"2,3,4,6,8",24/7 Support,Milestone-based,Medium,Basic,2,9
CLIENT129,"Smith, Mccall and Holland",9,3,Finance,Latin America,4694148,Research,Fixed-Price,SMB,"TASK119,TASK037","{""urgency"": ""high"", ""compliance"": ""HIPAA"", ""tech_stack"": ""Python""}",hoganjohn@nicholson.com,+1-977-736-7413x862,"60543 Leah Landing Apt. 100, Alyssaland, SC 29479",Andrew Kent,2024-05-29,2025-02-18,"1,7",24/7 Support,Net 30,Medium,SOX,9,6
CLIENT130,Garcia-Lopez,9,1,Technology,Europe,129054,Research,Fixed-Price,Enterprise,"TASK081,TASK111","{""urgency"": ""high"", ""compliance"": ""SOX"", ""tech_stack"": ""React""}",bergerjulie@gmail.com,001-210-505-6864x595,"206 Robert Junctions, East Joannahaven, OH 01483",Jeffery Schultz,2024-01-07,2025-04-12,"6,9",Security clearance,Net 60,Critical,SOX,3,7
CLIENT131,"Carpenter, Walker and Nelson",5,3,Manufacturing,Asia-Pacific,3261710,Support,Fixed-Price,Enterprise,TASK118,"{""urgency"": ""high"", ""compliance"": ""SOX"", ""tech_stack"": ""Java""}",shannonknight@hotmail.com,001-751-842-5366x195,"51067 Christine Dam, West Hector, NE 71390",Cameron Barajas,2024-01-21,2025-02-08,"7,8,10",24/7 Support,Upfront 50%,Medium,GDPR,10,6
CLIENT132,Hill Ltd,7,4,Retail,Latin America,3636369,Support,Retainer,Enterprise,TASK097,"{""urgency"": ""high"", ""compliance"": ""HIPAA"", ""tech_stack"": ""React""}",brettsimmons@hotmail.com,001-648-420-5590x70215,"9990 King Canyon Suite 904, Smithside, MS 19946",Ms. Regina Lee,2024-03-21,2025-09-16,"2,4,6,8,9,10",Security clearance,Milestone-based,Medium,SOX,7,6
CLIENT133,Foster-Patterson,9,4,Finance,North America,1301291,Research,Subscription,SMB,"TASK005,TASK118","{""urgency"": ""medium"", ""compliance"": ""GDPR"", ""tech_stack"": ""Java""}",john52@turner.net,141-944-8606,"52319 Norris Inlet Suite 704, Christophershire, AL 71626",Lauren Williams,2024-02-18,2025-03-31,"2,3,5,6,8,9",On-site presence,Milestone-based,High,HIPAA,5,7
CLIENT134,Brown-Olson,10,3,Manufacturing,Europe,47687,Research,Time-Material,Fortune500,"TASK079,TASK096,TASK037,TASK035,TASK111","{""urgency"": ""high"", ""compliance"": ""GDPR"", ""tech_stack"": ""React""}",estradamichael@ellis-salinas.com,001-987-898-6544x0290,"USS Rodriguez, FPO AE 47373",Heather Howard,2024-01-06,2024-09-23,"1,2,5,6,9,10",24/7 Support,Net 60,High,GDPR,9,10
CLIENT135,Miller and Sons,1,1,Technology,Asia-Pacific,4895233,Research,Fixed-Price,SMB,"TASK115,TASK083,TASK080","{""urgency"": ""high"", ""compliance"": ""GDPR"", ""tech_stack"": ""Java""}",howardmichelle@mckenzie-smith.com,+1-329-169-5193,"554 Jacqueline Coves Suite 714, Blankenshipstad, NY 37000",Danielle Herrera,2024-05-23,2025-02-17,"1,2,3,5,6,7",24/7 Support,Net 60,Low,Basic,6,7
CLIENT136,Powell-Wilcox,2,3,Energy,North America,4932139,Research,Subscription,Startup,"TASK015,TASK090","{""urgency"": ""high"", ""compliance"": ""HIPAA"", ""tech_stack"": ""Java""}",dakotahughes@farrell.com,+1-842-204-0873x1360,"01371 Lang Curve, Garciaville, NM 03278",Gregory Harris,2024-01-24,2025-12-24,"1,3,4,5,6,8",Security clearance,Net 60,High,GDPR,10,4
CLIENT137,Bailey-Johnson,4,5,Healthcare,Asia-Pacific,1553838,Implementation,Subscription,Startup,"TASK053,TASK031,TASK015,TASK055,TASK037","{""urgency"": ""high"", ""compliance"": ""SOX"", ""tech_stack"": ""React""}",rebeccajohnson@gmail.com,5921929744,"287 Martin Plain Apt. 371, Kimberlyshire, MN 21626",Daniel Brewer,2024-05-25,2025-08-26,"4,5,7,9,10",24/7 Support,Milestone-based,Low,HIPAA,7,1
CLIENT138,Ross-Bartlett,8,2,Technology,Latin America,4509126,Consulting,Time-Material,Enterprise,TASK090,"{""urgency"": ""high"", ""compliance"": ""SOX"", ""tech_stack"": ""React""}",albertrogers@hall.org,393.210.8713x7539,"PSC 4717, Box 8934, APO AA 34870",Alexa Cooke,2024-02-26,2025-01-27,"7,9",Security clearance,Net 30,Low,GDPR,1,7
CLIENT139,Aguirre-Flynn,7,5,Energy,Asia-Pacific,3904892,Consulting,Subscription,Enterprise,"TASK005,TASK092,TASK084,TASK113,TASK113","{""urgency"": ""high"", ""compliance"": ""HIPAA"", ""tech_stack"": ""Java""}",wilsondaniel@hotmail.com,2361991923,"43231 Erika Forge Apt. 549, Johntown, AK 94155",George Morrow,2024-05-09,2024-08-22,"1,3,4,8,9,10",24/7 Support,Milestone-based,Low,Basic,9,7
CLIENT140,Miller-Martin,6,3,Education,Asia-Pacific,369858,Support,Subscription,SMB,TASK028,"{""urgency"": ""low"", ""compliance"": ""SOX"", ""tech_stack"": ""Java""}",donna01@hotmail.com,576.802.6140,"9136 Jones Square, Yuberg, OH 92317",Lisa Wilson,2024-04-07,2025-09-14,"2,4,7,10",24/7 Support,Milestone-based,Critical,GDPR,3,10
CLIENT141,"Clark, Romero and Alvarez",4,4,Technology,North America,2298007,Implementation,Retainer,Enterprise,"TASK079,TASK067,TASK022","{""urgency"": ""low"", ""compliance"": ""SOX"", ""tech_stack"": ""Java""}",ehester@gmail.com,420.872.8099,"6442 Clements Rue, East Matthew, MS 56628",Tammy Parker,2024-02-03,2025-11-01,"5,6,8,9",24/7 Support,Net 60,Critical,Basic,7,5
CLIENT142,Freeman-Stanley,4,1,Healthcare,North America,2596843,Development,Fixed-Price,SMB,TASK086,"{""urgency"": ""high"", ""compliance"": ""SOX"", ""tech_stack"": ""Python""}",patricia30@page.com,+1-863-649-1707,"41298 Brooke Ville, South Elizabeth, MN 25042",David Keith,2024-05-04,2025-11-06,"4,6",24/7 Support,Net 30,Critical,PCI-DSS,7,7
CLIENT143,Soto and Sons,8,3,Energy,Europe,4228952,Development,Retainer,Fortune500,"TASK064,TASK052","{""urgency"": ""medium"", ""compliance"": ""SOX"", ""tech_stack"": ""Python""}",robertkennedy@yahoo.com,236-080-6764x6282,"PSC 0759, Box 0404, APO AE 54968",Stephanie Reid,2024-02-13,2025-06-26,"1,2,8",Security clearance,Upfront 50%,High,PCI-DSS,8,4
CLIENT144,Rose Inc,4,3,Retail,Europe,3035500,Consulting,Subscription,Startup,"TASK113,TASK116,TASK116","{""urgency"": ""low"", ""compliance"": ""SOX"", ""tech_stack"": ""Python""}",ortegajoshua@gmail.com,844-028-1069x587,"PSC 1031, Box 9708, APO AA 05268",David Allen,2024-04-20,2025-06-18,"4,6,7,9,10",Security clearance,Milestone-based,Low,PCI-DSS,5,3
CLIENT145,Wilson Inc,4,1,Technology,Latin America,3191995,Implementation,Time-Material,Startup,"TASK013,TASK086,TASK117,TASK042","{""urgency"": ""high"", ""compliance"": ""GDPR"", ""tech_stack"": ""React""}",ashleytucker@smith.com,(742)446-6761x795,"11758 Ayala Gateway, Katherineton, DC 27989",Thomas Maynard,2024-01-12,2025-08-17,"4,6,7,8,9",24/7 Support,Upfront 50%,Low,GDPR,9,7
CLIENT146,Ramirez-Pham,6,5,Healthcare,Middle East,4665239,Implementation,Time-Material,Startup,"TASK065,TASK081","{""urgency"": ""low"", ""compliance"": ""HIPAA"", ""tech_stack"": ""Java""}",johnsonangela@gmail.com,867-935-3593x7480,"0392 Jeremy Junction Suite 205, Port Carlostown, WV 37979",Jeremy Richardson,2024-05-04,2024-11-14,"3,6,9",On-site presence,Net 30,High,GDPR,1,2
CLIENT147,Pierce Inc,6,1,Energy,Europe,3785189,Development,Fixed-Price,Enterprise,"TASK025,TASK109","{""urgency"": ""medium"", ""compliance"": ""SOX"", ""tech_stack"": ""Java""}",catherinehicks@jones-miller.info,001-895-651-3126x359,"4494 James Mount, New Michaelmouth, DE 63699",Wyatt Sullivan,2024-01-12,2025-03-11,"3,4,5,8",On-site presence,Net 30,Low,HIPAA,4,1
CLIENT148,"Clark, Scott and Martin",9,1,Retail,North America,1149244,Implementation,Retainer,Startup,"TASK118,TASK092,TASK105,TASK087,TASK018","{""urgency"": ""medium"", ""compliance"": ""GDPR"", ""tech_stack"": ""React""}",jonesjulie@hotmail.com,1409332707,"958 Miller Plains, East Lauren, AK 36986",Rachel Cook,2024-02-20,2024-11-29,"1,3,5,7",Security clearance,Net 60,Medium,Basic,4,1
CLIENT149,"Adams, Roth and Brown",5,4,Finance,North America,1430486,Consulting,Time-Material,Enterprise,"TASK080,TASK093,TASK097","{""urgency"": ""low"", ""compliance"": ""HIPAA"", ""tech_stack"": ""Python""}",jason11@cannon-russell.info,+1-617-993-3278x8532,"05936 Whitaker Plains, Williamland, VA 15894",Alexandra Lucero,2024-05-31,2025-12-14,"1,5,6,7,8",Security clearance,Upfront 50%,Critical,PCI-DSS,4,1
CLIENT150,"Campbell, Warren and Watson",3,5,Technology,Middle East,1136917,Development,Fixed-Price,Startup,"TASK002,TASK109,TASK042,TASK100,TASK100","{""urgency"": ""medium"", ""compliance"": ""GDPR"", ""tech_stack"": ""React""}",claytonmichelle@yahoo.com,(212)006-8887,"306 Aguilar Walk Apt. 333, Burkeberg, OK 28240",Mitchell Hester,2024-03-22,2024-12-04,"2,3,5,6,7,10",Security clearance,Net 60,Critical,SOX,5,4
CLIENT151,Allen-James,9,3,Finance,Europe,1727020,Support,Retainer,SMB,"TASK024,TASK107,TASK042,TASK056","{""urgency"": ""medium"", ""compliance"": ""SOX"", ""tech_stack"": ""Python""}",michael67@gmail.com,(516)282-6135,"692 Maldonado Key Suite 200, Darrenhaven, OH 92423",Alexis Wyatt,2024-03-30,2024-09-25,"1,2,6,7",Security clearance,Milestone-based,Low,SOX,10,2
CLIENT152,Gomez-Anderson,10,5,Education,Latin America,3432849,Development,Time-Material,Enterprise,"TASK039,TASK116","{""urgency"": ""medium"", ""compliance"": ""HIPAA"", ""tech_stack"": ""Python""}",lisa38@gmail.com,(435)424-8329,"Unit 8541 Box 5139, DPO AA 98801",Robert Carroll,2024-04-14,2025-06-30,"1,3,4,6,10",Security clearance,Net 30,Critical,SOX,4,7
CLIENT153,Woodward-Lee,9,1,Education,Middle East,935432,Research,Time-Material,SMB,"TASK045,TASK052,TASK063,TASK017,TASK045","{""urgency"": ""high"", ""compliance"": ""GDPR"", ""tech_stack"": ""React""}",diazjonathan@gmail.com,(952)032-0646x549,"664 Tyler Plaza, Jasonshire, KS 66684",Sandra Lang,2024-03-28,2025-04-23,"2,7,8",On-site presence,Upfront 50%,Critical,PCI-DSS,3,9
CLIENT154,Leach-Dunn,9,2,Healthcare,Europe,775407,Consulting,Subscription,Enterprise,"TASK027,TASK026","{""urgency"": ""high"", ""compliance"": ""HIPAA"", ""tech_stack"": ""Java""}",ehuffman@michael.com,001-870-449-5718x323,"7225 Melissa Burgs Apt. 065, Williamsborough, NE 66807",Brian Davis,2024-03-25,2025-06-05,"1,3,4,6,10",Security clearance,Upfront 50%,Medium,Basic,9,2
CLIENT155,"Freeman, Johnson and Mcknight",10,4,Manufacturing,Middle East,2894366,Research,Subscription,Startup,"TASK083,TASK068,TASK098,TASK050","{""urgency"": ""medium"", ""compliance"": ""SOX"", ""tech_stack"": ""Python""}",nathanielrice@morrison.biz,593.272.9093x478,"5444 Thomas Squares Apt. 531, Ericside, MA 84524",Jacqueline Lowe,2024-05-26,2024-12-17,"2,4,5,7",On-site presence,Net 30,Medium,HIPAA,2,10
CLIENT156,"Ayers, Hernandez and Bennett",8,3,Technology,Latin America,3180238,Research,Retainer,Fortune500,"TASK068,TASK061,TASK015,TASK076,TASK063","{""urgency"": ""low"", ""compliance"": ""GDPR"", ""tech_stack"": ""Java""}",simmonsjoseph@yahoo.com,(731)285-0885x3884,"84589 Carolyn Rue, Reynoldsberg, NM 52407",Stephanie Mitchell,2024-02-08,2025-06-25,"3,4,7",24/7 Support,Net 60,Medium,HIPAA,1,4
CLIENT157,Key-Hernandez,6,1,Energy,Europe,3950075,Support,Subscription,Startup,"TASK079,TASK062,TASK107","{""urgency"": ""medium"", ""compliance"": ""SOX"", ""tech_stack"": ""Python""}",robert18@weaver.com,798-662-4980x954,"5821 Sherry Turnpike Apt. 174, Lake Cindymouth, AK 46674",Kristopher Summers,2024-05-08,2025-08-20,"1,2,3,9,10",On-site presence,Upfront 50%,Low,PCI-DSS,3,7
CLIENT158,Harris-Mendoza,5,3,Technology,Asia-Pacific,3134885,Implementation,Time-Material,Startup,TASK068,"{""urgency"": ""high"", ""compliance"": ""HIPAA"", ""tech_stack"": ""React""}",trangel@brown.com,(573)568-7935,"1893 Patrick Knolls Suite 175, Lake Saraland, NM 07883",Amy Gardner,2024-01-08,2025-02-04,"2,3,10",Security clearance,Net 30,Critical,SOX,2,7
CLIENT159,Gonzalez-Green,8,2,Education,Europe,1163774,Development,Subscription,SMB,"TASK014,TASK040,TASK052","{""urgency"": ""medium"", ""compliance"": ""HIPAA"", ""tech_stack"": ""Java""}",andreaball@gmail.com,001-804-951-0497x70019,"79929 Richard Point Suite 631, Savageland, AK 19672",Emily Day,2024-03-18,2025-12-11,"1,2,3,5,6,10",On-site presence,Milestone-based,Low,HIPAA,10,5
CLIENT160,Lee Group,1,2,Retail,Middle East,4415887,Support,Retainer,SMB,"TASK064,TASK030,TASK025,TASK016","{""urgency"": ""high"", ""compliance"": ""HIPAA"", ""tech_stack"": ""React""}",kristen22@floyd.info,710-737-6143x1788,"4284 Ashley Groves Apt. 828, Roseland, TN 39159",Stephanie Foster,2024-01-05,2025-03-11,"4,7",24/7 Support,Net 60,Critical,PCI-DSS,8,8
CLIENT161,Johnson-Solomon,7,1,Education,Middle East,2575679,Research,Retainer,Startup,TASK086,"{""urgency"": ""high"", ""compliance"": ""SOX"", ""tech_stack"": ""Java""}",tmartin@gray.com,(293)385-8292x441,"PSC 0177, Box 1035, APO AE 94692",Tiffany Flynn,2024-03-11,2024-07-30,"2,5",On-site presence,Net 60,High,HIPAA,1,9
CLIENT162,Salazar-Frank,7,1,Retail,Latin America,636584,Development,Subscription,SMB,"TASK019,TASK036,TASK058,TASK110,TASK071","{""urgency"": ""medium"", ""compliance"": ""SOX"", ""tech_stack"": ""Python""}",karen64@yahoo.com,845-592-9737x530,"887 Joel Highway Suite 348, West Jonathantown, TN 15350",Roberto Martinez,2024-03-01,2024-09-05,"2,5,9",Security clearance,Net 60,High,GDPR,9,10
CLIENT163,"Jones, Jones and White",2,5,Technology,Europe,3441549,Consulting,Fixed-Price,Fortune500,"TASK037,TASK107,TASK001,TASK031,TASK031","{""urgency"": ""high"", ""compliance"": ""GDPR"", ""tech_stack"": ""React""}",perryallen@yahoo.com,001-325-865-8537,"391 Smith Meadow, West Daisy, FL 63348",Michael Montoya,2024-04-25,2024-09-08,"1,2,3,5,6,10",On-site presence,Milestone-based,Critical,GDPR,6,10
CLIENT164,"Smith, Sullivan and Hoffman",9,1,Healthcare,North America,4420378,Development,Retainer,Fortune500,"TASK061,TASK013,TASK075,TASK023","{""urgency"": ""high"", ""compliance"": ""HIPAA"", ""tech_stack"": ""Java""}",bakeraaron@gmail.com,+1-747-465-8259x761,"0923 Kelly Stream, Victoriamouth, MT 52126",Russell Washington,2024-02-23,2025-03-28,"3,4,8,9,10",24/7 Support,Net 30,Low,HIPAA,8,1
CLIENT165,Mendoza-Mcclain,3,3,Finance,Middle East,2158158,Consulting,Subscription,SMB,TASK106,"{""urgency"": ""high"", ""compliance"": ""SOX"", ""tech_stack"": ""Python""}",owensvanessa@hotmail.com,(982)794-0110x7515,"718 Garrison Port Suite 915, Adamsview, WA 19862",Daniel Moore,2024-04-12,2025-01-21,"3,4,5,7,9,10",24/7 Support,Milestone-based,Low,GDPR,9,5
CLIENT166,Dunn Inc,7,2,Healthcare,North America,2366224,Implementation,Time-Material,Startup,"TASK083,TASK120,TASK019,TASK026,TASK099","{""urgency"": ""low"", ""compliance"": ""GDPR"", ""tech_stack"": ""Java""}",vnorris@yahoo.com,001-920-104-8933,"815 Tammy Wells Suite 511, Wilsonmouth, MA 89928",Marisa Watson,2024-05-24,2024-09-20,"1,6,9,10",Security clearance,Net 30,Low,SOX,1,10
CLIENT167,Wallace-Hoffman,1,1,Finance,Latin America,1296188,Support,Fixed-Price,Fortune500,"TASK027,TASK100,TASK100","{""urgency"": ""low"", ""compliance"": ""GDPR"", ""tech_stack"": ""React""}",scott23@mooney.org,(992)002-0264,"403 Kimberly Forks, Brianburgh, WI 73273",Shannon Parrish,2024-02-17,2024-11-10,"2,5,7,10",Security clearance,Upfront 50%,Low,PCI-DSS,8,1
CLIENT168,"Massey, Adkins and Miller",7,2,Education,Asia-Pacific,531919,Implementation,Retainer,SMB,"TASK091,TASK100,TASK055","{""urgency"": ""low"", ""compliance"": ""GDPR"", ""tech_stack"": ""Java""}",williamcollins@jenkins.com,900-138-1707,"77320 Wade Lakes, Toddside, MN 56034",Matthew Sandoval,2024-01-05,2025-02-12,"3,6,9",Security clearance,Net 30,Critical,PCI-DSS,3,1
CLIENT169,Franklin Inc,5,4,Education,Asia-Pacific,998495,Development,Time-Material,SMB,"TASK113,TASK061,TASK021","{""urgency"": ""high"", ""compliance"": ""HIPAA"", ""tech_stack"": ""Python""}",karapham@contreras-kelly.com,001-094-644-2371x968,"32004 Nichole Bypass Suite 873, East Timothymouth, IN 66349",Michael Perry,2024-05-01,2025-10-08,"1,3,8",On-site presence,Upfront 50%,High,Basic,3,5
CLIENT170,"Myers, Jones and Wallace",5,2,Education,Middle East,1475109,Development,Subscription,Enterprise,"TASK031,TASK045","{""urgency"": ""high"", ""compliance"": ""GDPR"", ""tech_stack"": ""Python""}",philip84@gray.com,+1-894-076-8702x96474,"2309 Hayes Forge Apt. 569, Jordanton, HI 08245",Joshua Hill,2024-02-23,2024-11-13,"7,10",On-site presence,Net 30,Critical,Basic,4,8
CLIENT171,"Clark, James and Drake",1,1,Technology,North America,2412146,Support,Subscription,Enterprise,"TASK087,TASK081,TASK028","{""urgency"": ""low"", ""compliance"": ""HIPAA"", ""tech_stack"": ""Python""}",danieltaylor@carpenter.biz,+1-760-492-3893,"458 Jesse View, East Joseport, CA 62558",Amanda Mendez,2024-01-07,2025-09-27,"1,3,5,7,8,9",24/7 Support,Net 60,Medium,GDPR,3,6
CLIENT172,Hall LLC,5,5,Healthcare,Middle East,4898920,Implementation,Retainer,Startup,"TASK068,TASK118,TASK104,TASK091","{""urgency"": ""low"", ""compliance"": ""GDPR"", ""tech_stack"": ""Python""}",kimberly76@munoz.com,958.024.1479x327,"65142 Shannon Fords Apt. 902, Victorstad, DC 87933",Timothy Miller,2024-01-01,2024-12-30,"2,10",24/7 Support,Net 30,Low,SOX,8,5
CLIENT173,"Costa, Miles and Wilson",6,3,Manufacturing,Europe,949118,Support,Time-Material,Fortune500,"TASK070,TASK026","{""urgency"": ""low"", ""compliance"": ""SOX"", ""tech_stack"": ""Java""}",ekaufman@wright.com,405-393-9778x8690,"634 Ramos Shoal, Tamimouth, MN 05046",Robert Greene,2024-05-22,2024-11-11,"6,8,9",24/7 Support,Net 60,High,GDPR,3,8
CLIENT174,Wilson and Sons,6,4,Manufacturing,Europe,2210168,Implementation,Fixed-Price,Fortune500,"TASK102,TASK074,TASK040,TASK092","{""urgency"": ""medium"", ""compliance"": ""HIPAA"", ""tech_stack"": ""React""}",megan81@gomez.net,484.401.5493x475,"Unit 0041 Box 6712, DPO AA 42746",Mark Nelson,2024-01-28,2025-04-25,"3,7",On-site presence,Net 30,Critical,GDPR,9,2
CLIENT175,"White, Buckley and Perry",7,4,Technology,Latin America,2512059,Research,Time-Material,Enterprise,"TASK029,TASK063,TASK074,TASK018,TASK063","{""urgency"": ""medium"", ""compliance"": ""HIPAA"", ""tech_stack"": ""Python""}",lindsey29@grant.com,4606814490,"605 Stephen Overpass, Timothyfort, DC 07079",Norma Freeman,2024-04-28,2025-10-16,"1,3,5,6,9",On-site presence,Net 60,High,SOX,8,1
CLIENT176,Stone LLC,3,3,Energy,North America,958197,Research,Time-Material,Startup,"TASK096,TASK004,TASK047","{""urgency"": ""medium"", ""compliance"": ""HIPAA"", ""tech_stack"": ""Python""}",dave24@morgan-chapman.net,894.705.7471,"USNS Brown, FPO AA 79075",Alexis Lopez,2024-01-24,2024-10-01,"2,4,7,8,9",24/7 Support,Milestone-based,Low,Basic,9,1
CLIENT177,Miller-Lewis,7,3,Technology,Europe,629589,Consulting,Time-Material,Fortune500,"TASK086,TASK076,TASK020","{""urgency"": ""low"", ""compliance"": ""HIPAA"", ""tech_stack"": ""React""}",terrellthomas@yahoo.com,666-066-4964x9292,"8769 Jennifer Knolls Apt. 808, Stephanieton, GA 29011",Alec Kennedy,2024-03-27,2025-10-26,"1,2,5,7,8,10",24/7 Support,Milestone-based,High,Basic,8,7
CLIENT178,Noble-Smith,1,1,Energy,Middle East,1234357,Support,Fixed-Price,SMB,"TASK098,TASK007,TASK088,TASK074,TASK107","{""urgency"": ""high"", ""compliance"": ""GDPR"", ""tech_stack"": ""React""}",ffowler@stewart.net,+1-660-154-5299x16086,"510 Kurt View Apt. 712, West Amanda, VA 74054",Megan Miller,2024-02-22,2025-08-22,"6,7,10",Security clearance,Net 30,Low,PCI-DSS,8,7
CLIENT179,Wise-Hoffman,3,3,Energy,North America,950868,Implementation,Time-Material,Enterprise,"TASK011,TASK106","{""urgency"": ""low"", ""compliance"": ""SOX"", ""tech_stack"": ""React""}",jameshernandez@hotmail.com,001-530-090-1049x55838,"96171 Michael Circle, Kaylafurt, NC 29121",Mark Bennett,2024-05-19,2025-12-24,"2,3,8,10",24/7 Support,Upfront 50%,Critical,GDPR,10,3
CLIENT180,"Terry, Zimmerman and Riley",9,2,Healthcare,Middle East,3415358,Support,Subscription,Startup,"TASK073,TASK075,TASK027,TASK117","{""urgency"": ""medium"", ""compliance"": ""GDPR"", ""tech_stack"": ""Python""}",mariacastaneda@yahoo.com,001-345-399-5713,"7095 Michelle Path Suite 754, Debrachester, KS 48244",Tracey Miller,2024-01-20,2025-08-03,"2,4,5,7,10",Security clearance,Milestone-based,Medium,GDPR,8,5
CLIENT181,"Delgado, Collins and Johnson",7,3,Finance,North America,2824235,Implementation,Retainer,Enterprise,"TASK070,TASK011,TASK009,TASK079,TASK085","{""urgency"": ""low"", ""compliance"": ""HIPAA"", ""tech_stack"": ""Java""}",tiffanyharris@lopez.com,4162433867,"662 Jared Wall Suite 572, Gregoryborough, CT 12007",Neil Newton,2024-01-28,2024-10-05,"1,3,4,6,9,10",Security clearance,Milestone-based,Critical,PCI-DSS,3,10
CLIENT182,"King, Mckay and Carpenter",8,3,Finance,Europe,693784,Support,Time-Material,SMB,"TASK094,TASK029,TASK119","{""urgency"": ""high"", ""compliance"": ""SOX"", ""tech_stack"": ""Python""}",vmacdonald@gmail.com,204.433.5502x84346,"9689 Alexander Forks Suite 414, North Ambermouth, AZ 96370",Michael Bell,2024-03-19,2025-12-06,"1,3,4,5,7,10",On-site presence,Milestone-based,Critical,HIPAA,8,6
CLIENT183,Turner and Sons,1,1,Finance,Asia-Pacific,1604191,Development,Subscription,Enterprise,"TASK081,TASK037","{""urgency"": ""medium"", ""compliance"": ""HIPAA"", ""tech_stack"": ""Python""}",bjones@yahoo.com,001-109-923-9445x2214,"3635 Kristen River Suite 794, Jesusside, CO 99510",Michelle Abbott,2024-04-26,2025-05-19,"2,4",24/7 Support,Net 60,Low,SOX,8,8
CLIENT184,"Brooks, Young and Smith",7,2,Education,Middle East,3447501,Support,Subscription,Startup,"TASK057,TASK020,TASK041,TASK088","{""urgency"": ""high"", ""compliance"": ""SOX"", ""tech_stack"": ""Python""}",meyerjose@anderson-meyers.com,001-323-775-9960,"243 Kathy Road Apt. 827, North Margaretburgh, NJ 11222",Joseph Gallagher,2024-05-11,2024-09-29,"1,2,5,6,8,10",24/7 Support,Milestone-based,Medium,PCI-DSS,4,9
CLIENT185,"Frazier, Carlson and Barnes",1,5,Retail,Asia-Pacific,736452,Consulting,Subscription,Fortune500,"TASK052,TASK071,TASK116,TASK103,TASK113","{""urgency"": ""low"", ""compliance"": ""HIPAA"", ""tech_stack"": ""React""}",stewartdeborah@york.com,382-221-1510x6023,"534 Nicole Lodge, Port Timothy, AZ 10500",Diana Delgado,2024-03-11,2024-07-21,"2,3,4,6,10",Security clearance,Net 30,Critical,PCI-DSS,5,8
CLIENT186,Oconnell-Robinson,8,4,Finance,Europe,318183,Development,Subscription,Startup,"TASK070,TASK105,TASK074,TASK099,TASK023","{""urgency"": ""medium"", ""compliance"": ""GDPR"", ""tech_stack"": ""Python""}",denisepacheco@richmond-combs.com,251.305.3623,"PSC 6297, Box 3484, APO AE 38680",Travis Hawkins,2024-02-03,2025-07-29,"1,5,7,9,10",On-site presence,Milestone-based,High,HIPAA,6,5
CLIENT187,"Dudley, Roberts and Howell",10,2,Finance,Middle East,1342334,Consulting,Retainer,Fortune500,"TASK076,TASK109,TASK057,TASK085,TASK020","{""urgency"": ""low"", ""compliance"": ""GDPR"", ""tech_stack"": ""Java""}",matthew60@gmail.com,064.011.8915x4762,"PSC 2405, Box 1729, APO AA 74507",Mark Moss,2024-01-12,2025-11-08,"1,4,10",On-site presence,Upfront 50%,Medium,PCI-DSS,8,5
CLIENT188,"Brown, Blackwell and Walker",3,5,Education,Asia-Pacific,2724934,Support,Time-Material,SMB,"TASK097,TASK064,TASK004,TASK101,TASK083","{""urgency"": ""high"", ""compliance"": ""SOX"", ""tech_stack"": ""Python""}",gracemontoya@gmail.com,292-356-3045x227,"92158 John Station Apt. 204, East Rebecca, IN 32118",Ernest Rodriguez,2024-05-16,2025-06-14,"2,3,4,5,6,8",24/7 Support,Milestone-based,Critical,GDPR,9,5
CLIENT189,Michael-Gonzalez,10,2,Healthcare,Asia-Pacific,2508600,Research,Fixed-Price,Startup,"TASK055,TASK118,TASK099,TASK094,TASK059","{""urgency"": ""high"", ""compliance"": ""SOX"", ""tech_stack"": ""Java""}",abuchanan@wilson.com,275-154-9049,"713 Little Fort Apt. 183, Tuckerborough, IN 62133",Mark Calderon,2024-02-11,2025-04-26,"2,9",24/7 Support,Net 60,Medium,Basic,8,9
CLIENT190,Parker and Sons,4,4,Energy,North America,2367454,Research,Time-Material,Startup,"TASK102,TASK025","{""urgency"": ""high"", ""compliance"": ""HIPAA"", ""tech_stack"": ""Python""}",lsmith@king.com,621-111-5551x031,"288 Thomas Lane, West Edward, FL 97478",Madeline Wright,2024-03-13,2025-08-17,"1,8,10",On-site presence,Milestone-based,High,GDPR,8,5
CLIENT191,Baker PLC,8,1,Education,Middle East,2382650,Support,Time-Material,Startup,"TASK038,TASK021,TASK064","{""urgency"": ""low"", ""compliance"": ""HIPAA"", ""tech_stack"": ""React""}",sbrowning@gmail.com,(532)615-3897x298,"40763 Thompson Mountain Apt. 407, Bradshawside, DE 22464",James Moore,2024-01-26,2024-07-08,"1,9,10",Security clearance,Upfront 50%,Low,PCI-DSS,5,6
CLIENT192,Guerrero-Miller,2,4,Healthcare,Middle East,4247784,Support,Fixed-Price,Enterprise,TASK117,"{""urgency"": ""medium"", ""compliance"": ""GDPR"", ""tech_stack"": ""Python""}",warrenjamie@vang-jackson.com,001-147-075-6070x1537,"433 Rodriguez Springs Apt. 940, Fernandezview, OR 47574",Casey Woodard,2024-02-14,2024-07-13,"1,2,5,7,8",24/7 Support,Milestone-based,Medium,GDPR,8,4
CLIENT193,Wood-Brennan,1,1,Manufacturing,Middle East,786633,Implementation,Fixed-Price,Startup,"TASK020,TASK073,TASK022,TASK082","{""urgency"": ""low"", ""compliance"": ""HIPAA"", ""tech_stack"": ""Python""}",jennifer68@yahoo.com,001-500-457-0721,"1429 Aaron Corner Suite 974, Davidborough, CO 88634",Amanda Estrada,2024-02-26,2024-08-06,"3,4,7",24/7 Support,Upfront 50%,Low,PCI-DSS,6,5
CLIENT194,Garcia Ltd,2,5,Education,Middle East,4966410,Implementation,Subscription,SMB,"TASK009,TASK010,TASK038,TASK063,TASK118","{""urgency"": ""high"", ""compliance"": ""HIPAA"", ""tech_stack"": ""Java""}",anthonybaker@gmail.com,988-056-8694,"0064 Sandy Expressway Apt. 784, Port Petershire, NC 98069",Kathryn Clark,2024-03-20,2025-05-10,"1,2,4,5,10",On-site presence,Milestone-based,Low,PCI-DSS,2,9
CLIENT195,"Alvarez, Cole and Mendoza",9,2,Technology,Latin America,429900,Implementation,Subscription,Fortune500,"TASK046,TASK078,TASK059","{""urgency"": ""low"", ""compliance"": ""SOX"", ""tech_stack"": ""Python""}",lpierce@estes-jordan.org,+1-709-356-0602x89251,"1392 Victoria Inlet, Juliaton, NC 09949",Kimberly Cruz,2024-04-09,2024-06-04,"1,3,6,8,9,10",Security clearance,Net 60,Low,HIPAA,4,9
CLIENT196,Merritt PLC,2,3,Manufacturing,Latin America,3659130,Implementation,Retainer,Startup,TASK002,"{""urgency"": ""low"", ""compliance"": ""HIPAA"", ""tech_stack"": ""React""}",benjaminwilliams@barnes-contreras.org,490.432.6684x5494,"PSC 3183, Box 2177, APO AA 57721",David Walters,2024-03-15,2025-08-24,"4,8,9,10",On-site presence,Upfront 50%,Low,HIPAA,9,9
CLIENT197,Stewart PLC,5,1,Education,Middle East,3073730,Consulting,Retainer,Enterprise,"TASK056,TASK055,TASK100,TASK109,TASK029","{""urgency"": ""medium"", ""compliance"": ""HIPAA"", ""tech_stack"": ""React""}",scott97@hotmail.com,473.507.4673,"038 Tonya Cliffs, Port Nicholasbury, ID 77651",William Carter,2024-05-15,2024-06-11,"1,3,4,6",24/7 Support,Net 30,Critical,PCI-DSS,8,9
CLIENT198,"Miller, Rasmussen and Salinas",7,2,Manufacturing,Asia-Pacific,48683,Implementation,Fixed-Price,Startup,"TASK055,TASK102,TASK090,TASK117,TASK039","{""urgency"": ""medium"", ""compliance"": ""GDPR"", ""tech_stack"": ""Python""}",ovalenzuela@richardson.com,+1-195-167-0195,"686 Hunter Isle Apt. 328, North Katherine, OK 48089",Hannah Miller MD,2024-02-05,2025-08-03,"1,4,5",Security clearance,Upfront 50%,Low,HIPAA,5,10
CLIENT199,Kane-Henry,9,2,Energy,Middle East,342244,Implementation,Time-Material,SMB,"TASK011,TASK094,TASK095","{""urgency"": ""low"", ""compliance"": ""SOX"", ""tech_stack"": ""Python""}",jill34@gmail.com,+1-667-084-2033x7392,"112 John Roads, Lake Amandaborough, RI 04188",Joseph Burnett,2024-01-16,2025-05-19,"2,3,6,8,9",On-site presence,Milestone-based,High,GDPR,8,7
CLIENT200,Mills and Sons,10,4,Manufacturing,Latin America,4128586,Consulting,Fixed-Price,SMB,TASK010,"{""urgency"": ""high"", ""compliance"": ""SOX"", ""tech_stack"": ""Python""}",ktrujillo@jones.com,001-063-928-9866x51554,"518 Harris Flat, North Richard, UT 65065",Stacy Rodriguez,2024-01-15,2025-12-31,"2,5,8",On-site presence,Net 60,High,GDPR,10,4
CLIENT201,Harvey PLC,5,5,Finance,Asia-Pacific,1077901,Implementation,Fixed-Price,Enterprise,"TASK073,TASK088","{""urgency"": ""medium"", ""compliance"": ""GDPR"", ""tech_stack"": ""React""}",hallmichael@hotmail.com,+1-972-220-1867x5409,"0307 Amy Heights, South Dawn, WV 78736",Bobby Wilkins,2024-05-20,2025-11-22,"1,3,4,5,7,8",24/7 Support,Net 60,Medium,Basic,1,10
CLIENT202,Turner-Randolph,5,1,Retail,Asia-Pacific,3239295,Development,Retainer,SMB,"TASK013,TASK081,TASK053,TASK049","{""urgency"": ""high"", ""compliance"": ""SOX"", ""tech_stack"": ""React""}",qbarron@bowers-moreno.net,312.773.3901,"41376 Sherry Lakes Apt. 946, Port Kevin, IN 46683",Linda Flores,2024-05-30,2025-02-24,"2,3,4,5,7,9",24/7 Support,Net 30,Critical,SOX,7,1
CLIENT203,Mason-Smith,8,2,Finance,Latin America,3256468,Support,Time-Material,Fortune500,"TASK091,TASK094","{""urgency"": ""low"", ""compliance"": ""GDPR"", ""tech_stack"": ""Python""}",gblake@gmail.com,(832)877-0789x33745,"407 Rangel Locks Suite 334, Gardnerborough, MS 94227",Jennifer Mcguire,2024-04-06,2024-10-04,"4,8,10",24/7 Support,Net 30,Medium,Basic,9,4
CLIENT204,Gibson Inc,10,1,Finance,Europe,237953,Support,Fixed-Price,Startup,"TASK051,TASK083,TASK044","{""urgency"": ""medium"", ""compliance"": ""HIPAA"", ""tech_stack"": ""Python""}",angela65@yahoo.com,092.518.9887,"2569 Jessica Row, New Robin, CO 66925",Sophia Graves,2024-04-28,2025-10-11,"1,3,10",Security clearance,Net 30,Critical,PCI-DSS,2,4
CLIENT205,"Vaughan, Cuevas and Daniels",3,2,Healthcare,Middle East,2118546,Support,Subscription,SMB,TASK059,"{""urgency"": ""medium"", ""compliance"": ""HIPAA"", ""tech_stack"": ""Python""}",gracecarter@wood-clark.com,(071)659-6726,"91419 Mendez Village Apt. 832, Kellyburgh, TN 67187",Denise Valdez,2024-03-16,2024-10-27,"5,6",24/7 Support,Milestone-based,High,HIPAA,9,8
CLIENT206,"Hernandez, Barnes and Carlson",1,4,Healthcare,Latin America,1485128,Consulting,Subscription,Fortune500,"TASK079,TASK007,TASK103","{""urgency"": ""low"", ""compliance"": ""GDPR"", ""tech_stack"": ""Java""}",kathryn55@gmail.com,237-710-6925,"40090 Willie Isle Apt. 200, Lynchborough, ND 69280",Mrs. Sara Flores DDS,2024-05-11,2024-09-28,"2,9",On-site presence,Upfront 50%,Low,Basic,5,6
CLIENT207,Moore-Newton,2,4,Healthcare,North America,405921,Development,Fixed-Price,Enterprise,"TASK058,TASK084,TASK062","{""urgency"": ""high"", ""compliance"": ""GDPR"", ""tech_stack"": ""React""}",patriciawhite@hotmail.com,257.177.9092x9186,"3552 Johnson Tunnel, East Marybury, PA 55986",Dustin Moore,2024-04-22,2025-09-29,"5,8,9",24/7 Support,Milestone-based,High,Basic,6,4
CLIENT208,Scott LLC,8,5,Energy,Latin America,2179576,Research,Fixed-Price,SMB,TASK087,"{""urgency"": ""low"", ""compliance"": ""GDPR"", ""tech_stack"": ""React""}",nrobertson@allen.com,+1-206-924-4695x23705,"159 Melissa Glens, East Eileen, MN 56179",Michael Kim,2024-05-07,2025-11-28,"8,9",On-site presence,Net 30,High,GDPR,9,10
CLIENT209,"Taylor, Bell and Brooks",9,2,Finance,Asia-Pacific,3987571,Implementation,Retainer,Fortune500,"TASK091,TASK087,TASK021,TASK096,TASK013","{""urgency"": ""low"", ""compliance"": ""HIPAA"", ""tech_stack"": ""React""}",lhood@gmail.com,605-387-2906,"7904 Anderson Divide, North Alexander, ND 49350",Pamela Levy,2024-05-04,2025-01-27,"4,6,7,8",On-site presence,Upfront 50%,Medium,PCI-DSS,7,3
CLIENT210,"Cook, Jones and Moore",8,3,Finance,Latin America,1430065,Implementation,Retainer,SMB,"TASK024,TASK039,TASK065","{""urgency"": ""high"", ""compliance"": ""HIPAA"", ""tech_stack"": ""Python""}",jeremiah11@barnett.info,+1-304-943-4855x76788,"447 Allen Neck Suite 235, South Ryanmouth, FL 24925",Douglas Ball,2024-02-14,2025-11-01,"4,7,8,10",Security clearance,Milestone-based,Medium,Basic,3,6
