TaskID,TaskName,Duration,RequiredSkills,MaxConcurrent,PreferredPhases,ClientID,ProjectID,TaskType,Priority,Status,EstimatedHours,ActualHours,Deadline,Dependencies,AssignedWorkers,RequiredCertifications,SecurityLevel,TechnicalComplexity,BusinessImpact,RiskLevel,BudgetAllocated,CostToDate,TaskCategory,Methodology,RequiredExperience,LocationRequirement,RemoteAllowed,TravelRequired,ReviewRequired,ApprovalRequired,ComplianceRequirements,DeliverableType,QualityGate,SuccessCriteria,TestingRequired
TASK001,Persevering client-driven approach,3,"Redux,AWS,Docker,Java,React",6,"1,3,4,7,10",CLIENT160,PROJ074,Documentation,2,Blocked,202,210,2024-10-22,,"WRK019,WRK067,WRK127","AWS Solutions Architect,PMP",Confidential,6,4,Low,19898,29140,Bug Fix,Waterfall,7,Specific Region,True,50,True,False,"HIPAA,PCI-DSS",Report,Unit Tests,95% test coverage,Unit
TASK002,Grass-roots heuristic productivity,13,"AWS,React,SQL,TypeScript,Docker,Python",3,"3,4,7,9,10",CLIENT196,PROJ088,Testing,4,Completed,248,251,2025-02-05,"TASK001,TASK001","WRK071,WRK005",,Confidential,10,8,Low,85483,51721,Core Feature,Agile,4,On-site,True,50,False,True,HIPAA,Analysis,Code Review,95% test coverage,"Performance,Integration"
TASK003,Proactive 24hour matrices,15,"Node.js,React,Java,Redux,AWS,Python",4,"1,5,9",CLIENT016,PROJ023,Testing,7,Cancelled,317,332,2024-09-14,"TASK001,TASK001","WRK100,WRK068",Certified Ethical Hacker,Restricted,5,6,Low,9194,4204,Core Feature,Agile,2,Any,False,25,True,False,"SOX,GDPR",Design,Performance Test,Sub-2s response time,Performance
TASK004,Phased upward-trending instruction set,20,"SQL,Machine Learning,Redux,Docker",3,"3,4,7,10",CLIENT204,PROJ040,Documentation,5,Completed,274,264,2024-06-01,"TASK002,TASK001",WRK065,"Scrum Master,AWS Solutions Architect",Confidential,6,9,High,51097,49409,Maintenance,DevOps,10,On-site,True,0,False,False,SOX,Report,Code Review,Sub-2s response time,"Unit,Performance,Security"
TASK005,Visionary clear-thinking methodology,9,"Kubernetes,Python,Blockchain,AWS,Redux",4,"3,7",CLIENT030,PROJ027,Testing,3,In Progress,369,403,2025-05-04,TASK002,WRK111,,Public,6,1,Low,83156,69539,Core Feature,Waterfall,4,Any,False,0,True,True,GDPR,Analysis,Performance Test,95% test coverage,Integration
TASK006,Optimized bandwidth-monitored Graphic Interface,6,"Machine Learning,React,Python,Java,SQL,TypeScript",5,"1,2,3,6,10",CLIENT184,PROJ023,Testing,9,Completed,178,223,2025-03-11,"TASK004,TASK003","WRK020,WRK130","Scrum Master,Certified Ethical Hacker",Restricted,6,3,Medium,77124,79946,Maintenance,DevOps,3,Specific Region,True,50,False,False,"GDPR,Basic",Report,UAT,Sub-2s response time,"Unit,Performance"
TASK007,Progressive eco-centric standardization,10,"Python,TypeScript,Java,Machine Learning",2,"3,4,8,9,10",CLIENT202,PROJ014,Analysis,4,Not Started,59,109,2024-10-23,"TASK001,TASK006","WRK126,WRK007","Certified Ethical Hacker,AWS Solutions Architect",Public,3,7,Critical,41569,19909,Bug Fix,Kanban,8,Any,False,0,False,False,GDPR,Design,Unit Tests,95% test coverage,Integration
TASK008,User-centric 24/7 extranet,7,"Redux,React,Python",5,"6,7,8,9",CLIENT074,PROJ061,Analysis,4,Blocked,243,257,2025-02-06,"TASK003,TASK002",WRK111,"PMP,Scrum Master",Confidential,9,6,Medium,62648,64047,Core Feature,Waterfall,6,On-site,True,50,True,True,"SOX,HIPAA",Code,Code Review,Sub-2s response time,"Performance,Security"
TASK009,Compatible optimal throughput,16,"Node.js,SQL,React,Kubernetes,Docker,Blockchain",4,"2,8,10",CLIENT183,PROJ046,Documentation,3,Completed,200,214,2024-07-14,TASK004,WRK072,,Public,7,9,High,34359,39919,Maintenance,Kanban,10,Specific Region,True,50,False,False,"GDPR,PCI-DSS",Design,UAT,Sub-2s response time,"Security,Integration"
TASK010,Intuitive holistic strategy,13,"Machine Learning,Kubernetes,React,Java",6,"2,5,7,10",CLIENT210,PROJ098,Documentation,4,Not Started,188,180,2024-12-20,"TASK007,TASK009","WRK021,WRK077",,Internal,9,3,Medium,57964,86979,Maintenance,Agile,5,Any,True,50,False,True,Basic,Report,Unit Tests,Sub-2s response time,"Performance,Security"
TASK011,Cloned intermediate neural-net,19,"Redux,Machine Learning,Java",4,"1,2,7,8",CLIENT171,PROJ067,Analysis,5,In Progress,262,271,2024-09-04,TASK005,WRK029,AWS Solutions Architect,Internal,1,7,Medium,16930,80363,Enhancement,Kanban,8,On-site,True,0,False,True,PCI-DSS,Documentation,UAT,Sub-2s response time,"UAT,Unit,Integration"
TASK012,Expanded secondary support,7,"SQL,AWS,React,Python,Machine Learning",2,"3,4,5",CLIENT167,PROJ039,Design,4,Completed,166,148,2025-02-13,"TASK004,TASK006","WRK153,WRK149","Certified Ethical Hacker,PMP",Restricted,7,7,Medium,50574,33679,Research,Agile,6,Specific Region,False,25,True,False,SOX,Report,Performance Test,Sub-2s response time,"Unit,UAT,Integration"
TASK013,Down-sized mobile artificial intelligence,18,"Docker,Kubernetes,Python,SQL,React,Blockchain",5,"1,3,5,10",CLIENT152,PROJ090,Design,8,Completed,190,202,2024-07-07,TASK001,"WRK080,WRK122,WRK036","AWS Solutions Architect,PMP",Restricted,2,8,Critical,86817,64045,Enhancement,Waterfall,5,Specific Region,True,50,True,True,"GDPR,Basic",Design,Performance Test,Sub-2s response time,Performance
TASK014,Fundamental uniform groupware,6,"Java,SQL,Kubernetes",5,"1,5,6,7",CLIENT186,PROJ032,Documentation,10,In Progress,178,179,2024-12-07,"TASK005,TASK004",WRK086,PMP,Confidential,1,4,Critical,66238,40618,Enhancement,Agile,6,Specific Region,False,25,False,False,PCI-DSS,Design,UAT,Sub-2s response time,"Performance,UAT,Security"
TASK015,Diverse 4thgeneration attitude,5,"Kubernetes,AWS,Node.js",4,"1,3",CLIENT176,PROJ022,Documentation,2,Completed,71,70,2024-09-07,,"WRK146,WRK030,WRK151",Scrum Master,Internal,4,7,Medium,34101,5884,Research,DevOps,4,Any,False,0,False,True,GDPR,Design,Performance Test,Sub-2s response time,Unit
TASK016,Enterprise-wide zero-defect groupware,7,"Docker,TypeScript,SQL,React,Java,Node.js",4,"1,2,3,7",CLIENT183,PROJ023,Development,8,In Progress,327,365,2024-07-13,,"WRK050,WRK123,WRK029","Scrum Master,Certified Ethical Hacker",Public,3,9,High,79910,57815,Enhancement,Kanban,5,Any,False,0,False,True,SOX,Code,UAT,95% test coverage,Performance
TASK017,Vision-oriented asymmetric collaboration,2,"Redux,Java,Python",5,"2,10",CLIENT150,PROJ063,Design,8,Blocked,183,192,2024-06-06,"TASK003,TASK011","WRK145,WRK089,WRK124",,Confidential,7,1,Critical,49747,10326,Research,Agile,2,Specific Region,True,25,True,False,"Basic,SOX",Analysis,Performance Test,95% test coverage,Security
TASK018,Decentralized didactic time-frame,9,"TypeScript,Redux,Blockchain,Node.js",3,"3,5",CLIENT072,PROJ040,Analysis,1,Cancelled,209,219,2024-11-28,"TASK015,TASK010","WRK013,WRK021,WRK131",Certified Ethical Hacker,Restricted,3,9,Medium,21007,67022,Maintenance,DevOps,10,Any,False,0,False,True,GDPR,Design,UAT,95% test coverage,Security
TASK019,Programmable radical open system,5,"Java,Redux,Docker,SQL,Node.js",3,"1,5,6,7,9",CLIENT119,PROJ071,Development,5,Cancelled,282,319,2025-04-10,,WRK128,"AWS Solutions Architect,Scrum Master",Restricted,1,1,Medium,8424,43159,Maintenance,Kanban,5,Specific Region,True,25,True,False,"Basic,SOX",Report,Code Review,Sub-2s response time,Performance
TASK020,Seamless multi-tasking budgetary management,17,"Node.js,AWS,Blockchain,SQL,Machine Learning,Kubernetes",3,"2,7",CLIENT068,PROJ070,Design,9,Not Started,251,243,2024-06-18,TASK004,WRK074,AWS Solutions Architect,Internal,9,3,Low,49648,56946,Maintenance,Kanban,10,On-site,False,50,True,False,"SOX,PCI-DSS",Design,Performance Test,95% test coverage,"Integration,Security"
TASK021,Cloned next generation array,15,"Docker,Java,Python,TypeScript,Redux",4,"8,10",CLIENT162,PROJ050,Testing,3,Cancelled,299,316,2025-02-13,,WRK061,PMP,Internal,7,9,High,32599,72046,Core Feature,Agile,2,Any,True,50,False,False,Basic,Documentation,Code Review,Sub-2s response time,"Unit,Security"
TASK022,Optimized bandwidth-monitored customer loyalty,18,"Python,Kubernetes,Docker,TypeScript,Node.js",5,"2,4",CLIENT031,PROJ021,Design,2,Cancelled,103,137,2025-02-03,"TASK018,TASK005","WRK057,WRK134","Certified Ethical Hacker,AWS Solutions Architect",Confidential,2,4,Low,21762,83808,Bug Fix,Agile,2,On-site,False,0,False,False,SOX,Code,UAT,Sub-2s response time,"Security,Performance,Unit"
TASK023,User-friendly system-worthy utilization,9,"Redux,AWS,Node.js,Kubernetes",4,"3,5,6,8,9",CLIENT117,PROJ087,Development,7,In Progress,121,139,2024-10-02,,"WRK036,WRK150",,Restricted,4,6,Low,26096,15091,Core Feature,Kanban,8,Specific Region,True,0,False,True,"HIPAA,Basic",Code,UAT,95% test coverage,Unit
TASK024,Team-oriented multi-tasking matrix,9,"Java,AWS,Kubernetes,TypeScript,Blockchain,Machine Learning",2,"1,7,8",CLIENT102,PROJ042,Testing,1,Cancelled,268,302,2025-01-05,TASK017,"WRK004,WRK071","Scrum Master,PMP",Public,8,2,Medium,86046,9685,Enhancement,Kanban,4,On-site,True,50,False,False,GDPR,Report,Performance Test,95% test coverage,"Performance,Security"
TASK025,Stand-alone foreground hierarchy,13,"TypeScript,SQL,Docker,Redux",4,"3,9",CLIENT161,PROJ052,Analysis,6,Not Started,55,76,2024-12-19,"TASK003,TASK007","WRK024,WRK143,WRK005","PMP,AWS Solutions Architect",Confidential,3,8,Critical,18718,5812,Bug Fix,Waterfall,6,On-site,False,0,False,True,"HIPAA,GDPR",Documentation,UAT,95% test coverage,UAT
TASK026,Horizontal system-worthy interface,14,"Blockchain,React,Kubernetes,AWS,Java",4,"2,4,9",CLIENT112,PROJ086,Analysis,10,Blocked,335,352,2024-07-16,TASK024,"WRK040,WRK049",,Public,9,5,High,50226,16051,Enhancement,Agile,5,On-site,False,0,True,True,"SOX,PCI-DSS",Analysis,UAT,Sub-2s response time,"Integration,Unit,UAT"
TASK027,Robust non-volatile initiative,14,"React,Kubernetes,Node.js,AWS,Python,SQL",5,"1,4,7,9",CLIENT191,PROJ020,Development,4,In Progress,339,335,2024-07-09,,"WRK143,WRK063",,Internal,10,7,High,37171,4481,Maintenance,Waterfall,4,Specific Region,True,25,False,False,PCI-DSS,Code,UAT,Sub-2s response time,UAT
TASK028,Enterprise-wide hybrid circuit,8,"React,Redux,AWS,Docker,Node.js,Java",4,"1,8,10",CLIENT020,PROJ074,Analysis,5,Completed,362,394,2025-03-10,"TASK023,TASK024","WRK083,WRK091,WRK148",PMP,Confidential,6,4,Low,73242,40720,Core Feature,DevOps,4,On-site,False,50,False,False,"Basic,SOX",Analysis,UAT,95% test coverage,"Integration,Security,Unit"
TASK029,Face-to-face object-oriented focus group,6,"AWS,React,Python,Blockchain",4,"2,5,6,7,8",CLIENT210,PROJ066,Documentation,8,Cancelled,52,98,2024-07-06,,"WRK029,WRK002,WRK039",PMP,Public,7,4,Low,63134,53950,Maintenance,Kanban,6,Specific Region,True,50,False,True,GDPR,Documentation,Code Review,Sub-2s response time,"Security,Performance,UAT"
TASK030,Polarized mission-critical function,3,"Blockchain,Node.js,Java",2,"1,3,4,6",CLIENT048,PROJ096,Testing,1,Not Started,315,322,2025-02-23,"TASK018,TASK005",WRK111,"AWS Solutions Architect,Certified Ethical Hacker",Restricted,8,10,Medium,35571,28764,Bug Fix,Agile,6,Any,False,0,False,True,PCI-DSS,Report,Performance Test,95% test coverage,"UAT,Unit"
TASK031,Innovative cohesive success,15,"TypeScript,SQL,Blockchain",3,"2,7",CLIENT127,PROJ039,Development,4,Not Started,352,356,2024-12-20,"TASK007,TASK022","WRK037,WRK108,WRK075","Certified Ethical Hacker,AWS Solutions Architect",Confidential,3,2,High,5697,16004,Core Feature,Agile,4,Specific Region,True,0,False,False,PCI-DSS,Report,Unit Tests,95% test coverage,"UAT,Performance"
TASK032,Phased client-driven encryption,18,"Java,Machine Learning,Blockchain,Docker,SQL,Redux",3,"1,5,7,9",CLIENT174,PROJ080,Design,7,Completed,181,168,2025-03-28,,WRK046,"Scrum Master,Certified Ethical Hacker",Confidential,9,1,Low,90638,26520,Enhancement,Agile,10,Specific Region,False,0,False,True,"GDPR,HIPAA",Report,Unit Tests,Sub-2s response time,"Integration,Unit"
TASK033,Assimilated zero-defect throughput,14,"React,TypeScript,Python",4,"2,3,7",CLIENT160,PROJ068,Development,7,Completed,378,389,2025-01-14,TASK024,"WRK137,WRK160",,Confidential,6,9,High,91162,55368,Core Feature,Waterfall,6,Specific Region,False,25,True,False,"PCI-DSS,Basic",Report,Performance Test,Sub-2s response time,"Unit,Performance,UAT"
TASK034,Automated zero tolerance database,10,"Machine Learning,Redux,Python",3,"4,7,10",CLIENT161,PROJ021,Testing,8,Cancelled,63,59,2024-07-22,,"WRK035,WRK087,WRK022",AWS Solutions Architect,Confidential,2,1,Critical,36714,19116,Bug Fix,Waterfall,2,On-site,False,50,False,True,SOX,Documentation,Code Review,95% test coverage,Integration
TASK035,Vision-oriented national conglomeration,5,"Redux,Machine Learning,Node.js,Kubernetes,Python,Docker",6,"2,7,8,9",CLIENT059,PROJ099,Testing,6,Cancelled,171,158,2024-08-09,"TASK021,TASK029",WRK029,"Certified Ethical Hacker,AWS Solutions Architect",Public,4,3,Critical,41103,70580,Core Feature,Waterfall,4,Any,False,25,True,True,"Basic,HIPAA",Analysis,Performance Test,95% test coverage,"Unit,Integration"
TASK036,Reverse-engineered zero administration benchmark,5,"Blockchain,Python,Java,Kubernetes,React,AWS",3,"3,8,9,10",CLIENT058,PROJ096,Testing,6,Cancelled,348,358,2025-02-10,TASK033,"WRK012,WRK140",,Confidential,5,5,High,82116,33155,Research,DevOps,3,Specific Region,True,0,True,False,GDPR,Documentation,Code Review,95% test coverage,"Performance,Integration"
TASK037,Team-oriented executive implementation,9,"Python,AWS,Redux,Docker,TypeScript",5,"5,7,8,9,10",CLIENT206,PROJ059,Design,4,Cancelled,294,304,2025-05-23,TASK008,WRK149,AWS Solutions Architect,Restricted,4,7,Medium,17899,6983,Maintenance,Waterfall,4,On-site,True,50,False,False,"SOX,HIPAA",Documentation,Unit Tests,95% test coverage,"Unit,Integration"
TASK038,Object-based solution-oriented neural-net,7,"Blockchain,Machine Learning,Python,React",3,"2,3,4,5,7",CLIENT069,PROJ017,Analysis,1,Completed,232,265,2025-01-18,,"WRK137,WRK022",AWS Solutions Architect,Confidential,6,2,High,56172,9209,Bug Fix,DevOps,6,Specific Region,True,25,True,False,SOX,Report,UAT,95% test coverage,"Security,Performance"
TASK039,Pre-emptive 5thgeneration adapter,11,"Redux,Docker,Blockchain",6,"1,4,6,8,9",CLIENT058,PROJ031,Documentation,3,Cancelled,128,111,2025-04-27,,WRK010,Certified Ethical Hacker,Internal,6,5,High,43762,58583,Maintenance,Waterfall,7,Any,False,25,True,True,SOX,Documentation,Unit Tests,Sub-2s response time,Unit
TASK040,Persevering demand-driven model,10,"Java,Python,Redux,SQL,Docker,Node.js",2,"8,10",CLIENT090,PROJ071,Testing,5,Not Started,184,185,2024-07-09,,"WRK077,WRK001,WRK066","PMP,Certified Ethical Hacker",Restricted,10,10,High,6006,18930,Enhancement,Agile,3,On-site,True,0,False,False,"Basic,HIPAA",Code,UAT,95% test coverage,"Security,Unit,Integration"
TASK041,Automated explicit knowledge user,18,"Java,Docker,TypeScript,Kubernetes",3,"1,2,4",CLIENT201,PROJ031,Development,4,Blocked,278,304,2024-06-22,TASK038,"WRK045,WRK040","PMP,Certified Ethical Hacker",Public,6,4,Medium,92900,81480,Core Feature,Agile,2,On-site,True,50,True,True,SOX,Design,Code Review,Sub-2s response time,"Integration,Performance,Security"
TASK042,De-engineered 6thgeneration utilization,4,"Machine Learning,Redux,Node.js,TypeScript,Kubernetes,Python",6,"1,2,4,5,6",CLIENT028,PROJ032,Testing,5,In Progress,345,331,2024-10-16,"TASK031,TASK006",WRK117,,Public,7,9,Critical,70372,52952,Core Feature,Agile,4,On-site,False,50,False,False,"Basic,GDPR",Documentation,Performance Test,95% test coverage,"Performance,Security,Unit"
TASK043,Multi-layered intermediate infrastructure,10,"Node.js,Docker,TypeScript",5,"2,3,5,7,8",CLIENT183,PROJ060,Testing,5,In Progress,360,340,2025-02-07,"TASK037,TASK023","WRK105,WRK154,WRK112",Scrum Master,Confidential,6,6,Critical,50976,56081,Enhancement,DevOps,8,On-site,False,25,True,False,"PCI-DSS,HIPAA",Analysis,Performance Test,95% test coverage,"Security,UAT"
TASK044,Object-based secondary projection,17,"Machine Learning,Docker,Java,Node.js,Redux",3,"1,4,6,9",CLIENT119,PROJ065,Testing,8,Cancelled,254,287,2024-10-27,TASK004,"WRK008,WRK147",Scrum Master,Public,1,9,Critical,93132,37178,Research,Kanban,4,On-site,True,25,True,True,"SOX,PCI-DSS",Report,Unit Tests,Sub-2s response time,"Integration,Performance"
TASK045,Switchable modular leverage,15,"Redux,Java,Blockchain",4,"1,3,7,10",CLIENT054,PROJ011,Testing,8,Cancelled,124,121,2024-11-21,TASK004,"WRK150,WRK157,WRK052",,Internal,4,8,Medium,11045,62587,Research,Agile,3,On-site,False,25,True,False,"Basic,SOX",Report,Unit Tests,Sub-2s response time,"Unit,UAT,Performance"
TASK046,Virtual content-based info-mediaries,4,"TypeScript,Java,Node.js",2,"3,5,10",CLIENT149,PROJ052,Testing,8,In Progress,52,42,2025-05-07,"TASK011,TASK019",WRK074,Certified Ethical Hacker,Restricted,10,3,High,56682,71611,Core Feature,Waterfall,2,Specific Region,False,0,False,True,"HIPAA,GDPR",Code,UAT,95% test coverage,"Unit,Integration,Security"
TASK047,Automated global standardization,17,"Redux,Docker,SQL,Java",2,"3,6",CLIENT119,PROJ046,Documentation,9,Completed,220,251,2025-03-29,,"WRK045,WRK133",,Public,8,7,Low,8980,72936,Maintenance,Agile,8,Specific Region,False,25,True,True,"SOX,GDPR",Design,Unit Tests,95% test coverage,Performance
TASK048,Operative static installation,7,"Blockchain,TypeScript,Machine Learning",2,"2,6,8,9,10",CLIENT184,PROJ052,Development,4,Not Started,345,340,2025-02-25,"TASK014,TASK041","WRK096,WRK026",,Restricted,3,5,Low,47391,59500,Research,Kanban,8,On-site,False,50,False,True,Basic,Analysis,Code Review,95% test coverage,UAT
TASK049,Synergized homogeneous productivity,8,"React,Kubernetes,Blockchain,AWS",3,"5,6,8,10",CLIENT203,PROJ097,Testing,6,Not Started,162,145,2024-11-02,TASK047,"WRK068,WRK009","PMP,Scrum Master",Internal,6,3,Critical,94138,2661,Research,DevOps,10,On-site,True,25,False,True,"Basic,GDPR",Code,Performance Test,95% test coverage,Security
TASK050,Enterprise-wide 24/7 alliance,9,"Java,Python,Node.js,React,AWS,Docker",3,"9,10",CLIENT169,PROJ100,Development,5,Not Started,387,410,2024-10-10,,WRK053,,Public,7,3,High,12730,60471,Maintenance,Waterfall,5,On-site,True,25,True,False,PCI-DSS,Report,UAT,Sub-2s response time,"Performance,Security,UAT"
TASK051,User-friendly local implementation,10,"Kubernetes,React,Node.js,Redux",5,"5,8,9,10",CLIENT041,PROJ049,Design,5,Cancelled,343,353,2024-07-27,,WRK138,"AWS Solutions Architect,PMP",Internal,10,7,Medium,56616,31182,Core Feature,Agile,6,On-site,True,0,True,True,"PCI-DSS,SOX",Code,Code Review,Sub-2s response time,UAT
TASK052,Devolved multi-state Graphic Interface,9,"TypeScript,Kubernetes,SQL,Machine Learning",3,"1,3,9,10",CLIENT069,PROJ018,Development,6,Blocked,237,285,2024-12-19,,WRK019,PMP,Restricted,8,6,Medium,36929,75600,Maintenance,Agile,8,On-site,True,0,True,False,"Basic,GDPR",Analysis,Code Review,Sub-2s response time,"UAT,Security,Performance"
TASK053,Digitized human-resource support,18,"Redux,Machine Learning,Java,TypeScript,Blockchain,Kubernetes",2,"1,3,8",CLIENT107,PROJ004,Analysis,6,In Progress,81,100,2024-08-21,TASK019,WRK112,"PMP,AWS Solutions Architect",Public,6,5,Medium,44960,85346,Enhancement,Waterfall,3,Any,False,0,False,True,Basic,Report,UAT,95% test coverage,"Integration,Security,UAT"
TASK054,Multi-channeled multi-state alliance,4,"Blockchain,Java,Machine Learning,Node.js,SQL,Redux",4,"3,5,7,10",CLIENT112,PROJ036,Design,3,Blocked,360,394,2025-02-08,,"WRK104,WRK033,WRK025","Certified Ethical Hacker,AWS Solutions Architect",Confidential,10,2,Low,29866,11707,Core Feature,Kanban,9,On-site,False,50,True,True,"Basic,HIPAA",Report,Unit Tests,95% test coverage,"Security,Integration"
TASK055,Reactive radical service-desk,3,"TypeScript,Machine Learning,Python,Redux,Kubernetes,Blockchain",2,"5,9",CLIENT135,PROJ081,Documentation,3,Not Started,151,199,2025-03-05,"TASK019,TASK032",WRK120,Scrum Master,Internal,8,9,Low,8774,79412,Bug Fix,Agile,7,Any,False,25,False,True,"PCI-DSS,Basic",Code,UAT,95% test coverage,Security
TASK056,Cross-platform actuating array,5,"Redux,TypeScript,AWS,Kubernetes",2,"1,3,6,7,8",CLIENT189,PROJ005,Analysis,5,In Progress,392,389,2024-12-21,"TASK030,TASK015","WRK041,WRK066",Certified Ethical Hacker,Public,10,9,Medium,62679,51359,Enhancement,Agile,9,Specific Region,False,0,True,False,SOX,Design,Performance Test,Sub-2s response time,Unit
TASK057,Cross-platform object-oriented knowledgebase,12,"Redux,Java,TypeScript,Machine Learning",5,"3,9",CLIENT001,PROJ003,Development,1,Completed,137,128,2024-09-14,TASK020,"WRK003,WRK072","PMP,Certified Ethical Hacker",Public,2,3,Critical,70382,45108,Maintenance,DevOps,8,Specific Region,False,0,False,True,PCI-DSS,Analysis,UAT,Sub-2s response time,"UAT,Integration,Security"
TASK058,Secured optimizing contingency,16,"Java,AWS,Redux,React,TypeScript,Docker",5,"6,10",CLIENT209,PROJ097,Development,3,Blocked,146,163,2024-06-04,"TASK003,TASK041",WRK008,,Confidential,10,10,Low,17527,47699,Research,Kanban,2,Any,False,25,False,False,Basic,Analysis,UAT,Sub-2s response time,"Integration,Performance"
TASK059,Programmable demand-driven circuit,19,"Machine Learning,Kubernetes,Node.js,AWS,SQL,Docker",2,"3,5,6,10",CLIENT105,PROJ064,Testing,8,Blocked,262,290,2024-11-27,,"WRK048,WRK124",AWS Solutions Architect,Restricted,9,5,Medium,42089,53233,Bug Fix,Kanban,2,Any,True,0,False,True,"SOX,HIPAA",Analysis,UAT,95% test coverage,"Integration,Security,Performance"
TASK060,Intuitive 24hour budgetary management,15,"AWS,Docker,Python",3,"5,9",CLIENT204,PROJ038,Documentation,7,Cancelled,354,353,2024-08-05,"TASK036,TASK022","WRK031,WRK045,WRK075",,Confidential,4,1,Critical,18182,48250,Research,Kanban,3,Any,True,50,False,True,GDPR,Documentation,Unit Tests,Sub-2s response time,Integration
TASK061,Secured intangible installation,5,"SQL,Java,React",5,"1,2,3,6,9",CLIENT056,PROJ037,Development,4,Completed,158,201,2024-07-30,"TASK049,TASK032","WRK138,WRK081",AWS Solutions Architect,Restricted,9,7,Medium,15525,5850,Maintenance,Kanban,6,Specific Region,True,0,False,True,Basic,Code,Unit Tests,Sub-2s response time,UAT
TASK062,Pre-emptive reciprocal productivity,12,"Docker,SQL,Blockchain",2,"2,3,4,6",CLIENT159,PROJ082,Design,6,Not Started,240,226,2024-12-20,"TASK055,TASK048",WRK014,"Scrum Master,Certified Ethical Hacker",Restricted,10,7,High,7738,32665,Bug Fix,Waterfall,4,Specific Region,True,50,False,False,Basic,Design,Unit Tests,95% test coverage,Performance
TASK063,Synchronized eco-centric functionalities,19,"React,SQL,AWS,Machine Learning,Docker,Blockchain",4,"1,7",CLIENT178,PROJ039,Testing,1,Cancelled,356,385,2025-01-27,,"WRK015,WRK072",,Internal,6,1,High,95536,79084,Research,Waterfall,3,Specific Region,False,25,False,False,"SOX,HIPAA",Report,Unit Tests,95% test coverage,"Security,UAT,Unit"
TASK064,Virtual actuating model,20,"Python,Redux,TypeScript,SQL,React",6,"4,7",CLIENT143,PROJ029,Documentation,8,Completed,128,129,2025-02-25,TASK033,"WRK026,WRK001,WRK017","Certified Ethical Hacker,AWS Solutions Architect",Public,6,10,Low,88141,14158,Research,Waterfall,7,On-site,True,50,False,False,"PCI-DSS,Basic",Code,Unit Tests,Sub-2s response time,"UAT,Security,Integration"
TASK065,Enterprise-wide intangible success,20,"React,AWS,Node.js,SQL",6,"2,7,8",CLIENT171,PROJ096,Testing,5,Not Started,45,74,2024-09-26,TASK025,"WRK057,WRK153",,Restricted,6,2,Medium,17319,81420,Enhancement,Kanban,3,Any,False,50,False,False,"Basic,PCI-DSS",Design,Unit Tests,Sub-2s response time,"Security,Performance,UAT"
TASK066,Intuitive tertiary throughput,5,"SQL,Blockchain,React,AWS",5,"2,4,6,9",CLIENT200,PROJ090,Analysis,9,Blocked,250,281,2024-06-21,"TASK047,TASK012",WRK109,,Confidential,4,7,Critical,30737,59402,Enhancement,Agile,7,On-site,True,25,True,False,PCI-DSS,Analysis,Performance Test,Sub-2s response time,"Security,Unit,UAT"
TASK067,Polarized uniform open system,5,"Kubernetes,Java,Redux",4,"1,4,5,6,7",CLIENT073,PROJ028,Analysis,9,Not Started,102,150,2025-04-01,TASK052,WRK098,,Restricted,4,7,High,99390,82103,Maintenance,Waterfall,10,Any,False,50,False,False,GDPR,Report,Unit Tests,95% test coverage,Unit
TASK068,Down-sized content-based toolset,17,"Machine Learning,Docker,Python,Blockchain,Kubernetes",2,"1,3,4,10",CLIENT076,PROJ064,Development,3,Cancelled,290,319,2025-01-18,,WRK071,"AWS Solutions Architect,Scrum Master",Restricted,7,3,Medium,47656,39780,Bug Fix,Agile,5,On-site,False,50,False,False,SOX,Analysis,Unit Tests,95% test coverage,"UAT,Unit,Integration"
TASK069,Sharable holistic policy,7,"Blockchain,Kubernetes,AWS",3,"3,5,7,10",CLIENT092,PROJ043,Testing,2,In Progress,246,254,2024-07-20,,"WRK121,WRK149,WRK091",,Restricted,5,3,Critical,25871,20888,Enhancement,Agile,5,Specific Region,False,0,False,False,"HIPAA,PCI-DSS",Report,UAT,95% test coverage,Integration
TASK070,Versatile human-resource intranet,20,"AWS,React,Java",3,"1,2,5,8",CLIENT106,PROJ027,Development,9,Completed,257,259,2025-05-11,"TASK012,TASK044","WRK072,WRK044",Scrum Master,Restricted,7,1,High,96958,36790,Research,Kanban,6,Specific Region,False,0,True,False,"GDPR,SOX",Design,Performance Test,Sub-2s response time,Unit
TASK071,Quality-focused client-server application,18,"Node.js,Machine Learning,Docker,Redux",2,"6,8",CLIENT170,PROJ076,Testing,9,Not Started,102,117,2025-01-16,"TASK058,TASK066","WRK155,WRK022,WRK116",Certified Ethical Hacker,Public,8,2,High,5638,62126,Research,DevOps,5,On-site,False,0,False,True,"Basic,HIPAA",Report,Code Review,95% test coverage,"Security,Performance"
TASK072,Programmable zero-defect protocol,14,"Docker,SQL,Python,React,TypeScript",3,"1,6,8,9",CLIENT109,PROJ057,Development,5,Completed,80,113,2024-06-13,TASK011,"WRK030,WRK030",PMP,Internal,8,4,High,10340,6591,Maintenance,Kanban,2,Specific Region,False,0,True,True,"PCI-DSS,HIPAA",Analysis,Code Review,Sub-2s response time,"UAT,Performance"
TASK073,Upgradable 3rdgeneration forecast,15,"Blockchain,Java,Node.js",3,"2,3",CLIENT002,PROJ100,Analysis,4,In Progress,296,344,2025-05-06,,WRK007,Certified Ethical Hacker,Public,6,1,Low,20174,12389,Enhancement,Kanban,3,Any,True,50,False,False,HIPAA,Code,Performance Test,Sub-2s response time,"UAT,Integration"
TASK074,Team-oriented zero administration framework,3,"Python,React,Kubernetes",3,"4,7,9",CLIENT181,PROJ022,Design,7,Not Started,312,331,2024-08-09,,"WRK032,WRK116","PMP,AWS Solutions Architect",Restricted,8,2,High,72603,71522,Research,DevOps,6,Specific Region,True,25,False,False,"GDPR,PCI-DSS",Report,Code Review,95% test coverage,Security
TASK075,Assimilated holistic forecast,18,"React,Java,Python,Machine Learning",4,"2,4,5,8,9",CLIENT094,PROJ015,Development,5,Not Started,127,141,2025-01-14,"TASK050,TASK039",WRK090,"PMP,Scrum Master",Public,1,2,High,73329,11172,Core Feature,Agile,10,Specific Region,True,50,False,True,SOX,Analysis,Unit Tests,95% test coverage,"Integration,UAT"
TASK076,Face-to-face intermediate hub,19,"Redux,Kubernetes,Machine Learning,Java,TypeScript,Node.js",5,"3,5,7,10",CLIENT057,PROJ051,Design,8,Blocked,353,381,2024-06-07,TASK027,WRK065,AWS Solutions Architect,Confidential,1,1,Medium,69766,40326,Research,Waterfall,2,Specific Region,True,50,False,True,"Basic,SOX",Report,UAT,Sub-2s response time,Unit
TASK077,Ameliorated empowering framework,12,"Docker,TypeScript,SQL",5,"3,9",CLIENT058,PROJ032,Documentation,10,In Progress,111,118,2025-03-31,,WRK113,"AWS Solutions Architect,Scrum Master",Restricted,8,3,Critical,87370,51373,Research,DevOps,3,Specific Region,False,25,False,True,"SOX,HIPAA",Code,Unit Tests,95% test coverage,UAT
TASK078,Sharable bottom-line circuit,2,"Docker,Machine Learning,Redux,Python",3,"5,8,9,10",CLIENT021,PROJ099,Testing,7,Completed,236,232,2025-04-05,TASK038,"WRK152,WRK119","Scrum Master,PMP",Public,2,3,High,20333,59123,Bug Fix,Agile,4,Any,True,50,False,True,SOX,Design,UAT,Sub-2s response time,"Integration,Performance"
TASK079,Triple-buffered disintermediate standardization,11,"Blockchain,SQL,Machine Learning,AWS,React,Redux",3,"3,4,7,9",CLIENT154,PROJ040,Testing,2,Blocked,333,319,2025-01-16,TASK029,"WRK037,WRK109","Certified Ethical Hacker,AWS Solutions Architect",Internal,1,10,High,84600,52943,Enhancement,Waterfall,8,Specific Region,False,0,True,False,"HIPAA,Basic",Code,Code Review,Sub-2s response time,UAT
TASK080,Streamlined zero administration pricing structure,16,"Docker,Blockchain,Machine Learning,Python,Kubernetes,Node.js",4,"1,3,9",CLIENT105,PROJ020,Design,1,Cancelled,337,378,2025-01-04,TASK015,"WRK135,WRK159","Certified Ethical Hacker,Scrum Master",Restricted,6,3,Critical,87091,3323,Core Feature,Waterfall,8,Any,True,25,True,False,"PCI-DSS,GDPR",Documentation,Unit Tests,95% test coverage,Integration
TASK081,Cross-platform bifurcated database,20,"SQL,Kubernetes,React,Redux,Java,Python",5,"5,9",CLIENT149,PROJ065,Development,8,Blocked,42,45,2025-01-17,,"WRK129,WRK103,WRK140",,Internal,6,8,Medium,22796,31097,Bug Fix,Kanban,10,On-site,False,0,True,False,SOX,Report,Code Review,95% test coverage,"UAT,Security"
TASK082,Polarized global data-warehouse,3,"Machine Learning,Docker,Java,AWS",6,"3,7",CLIENT126,PROJ063,Testing,5,Blocked,292,329,2025-04-28,,"WRK119,WRK011",,Public,6,9,Critical,81401,2428,Maintenance,Agile,8,On-site,True,50,True,True,GDPR,Analysis,Code Review,Sub-2s response time,"Integration,Performance"
TASK083,Focused bandwidth-monitored benchmark,12,"AWS,Redux,Docker,Java,Machine Learning,Kubernetes",2,"3,5,6,7,8",CLIENT162,PROJ085,Testing,3,Completed,107,97,2024-10-27,"TASK033,TASK031","WRK034,WRK058","PMP,AWS Solutions Architect",Public,8,4,Medium,16921,41991,Research,Agile,4,Specific Region,True,25,False,False,"GDPR,PCI-DSS",Analysis,Code Review,Sub-2s response time,Performance
TASK084,Multi-tiered optimal Graphic Interface,5,"Machine Learning,Kubernetes,React,Docker,Redux,SQL",3,"1,3,4,5,10",CLIENT149,PROJ037,Documentation,3,Blocked,263,304,2025-01-21,,"WRK058,WRK058",PMP,Restricted,6,9,High,20632,46795,Research,Agile,6,Any,True,0,True,False,Basic,Analysis,Performance Test,95% test coverage,"Integration,Unit"
TASK085,Digitized neutral knowledgebase,11,"Machine Learning,Redux,Java,Node.js,Kubernetes,React",3,"2,3",CLIENT178,PROJ063,Development,9,Not Started,90,126,2025-03-20,,"WRK005,WRK023,WRK048",PMP,Confidential,3,6,Low,52390,57964,Enhancement,Waterfall,3,On-site,False,50,True,True,Basic,Code,Performance Test,Sub-2s response time,Unit
TASK086,Assimilated responsive infrastructure,8,"Machine Learning,React,TypeScript,Docker,Node.js,Redux",5,"2,3,4,7",CLIENT146,PROJ024,Design,8,In Progress,125,164,2024-07-09,TASK010,WRK012,"Scrum Master,Certified Ethical Hacker",Confidential,3,1,Medium,79647,74293,Enhancement,Agile,2,On-site,False,25,True,False,Basic,Design,Performance Test,95% test coverage,"Performance,Integration"
TASK087,Innovative dedicated superstructure,5,"Redux,Java,TypeScript,AWS",4,"1,7",CLIENT006,PROJ077,Development,7,Not Started,286,315,2025-05-20,"TASK024,TASK086","WRK100,WRK118",,Public,3,6,High,20291,13452,Enhancement,Kanban,10,Specific Region,True,25,False,True,HIPAA,Analysis,Performance Test,Sub-2s response time,"Security,Integration,UAT"
TASK088,Devolved regional matrices,4,"Blockchain,Docker,React",3,"9,10",CLIENT167,PROJ025,Testing,5,Not Started,293,273,2024-06-07,"TASK006,TASK055",WRK075,,Confidential,7,7,Medium,79694,33144,Core Feature,DevOps,4,Specific Region,False,0,False,True,PCI-DSS,Design,Performance Test,Sub-2s response time,"Unit,UAT"
TASK089,Switchable encompassing throughput,12,"Docker,SQL,Redux,Machine Learning,TypeScript",3,"3,10",CLIENT033,PROJ093,Documentation,4,Blocked,56,49,2024-07-23,"TASK086,TASK060","WRK038,WRK012","Scrum Master,AWS Solutions Architect",Internal,5,8,Critical,9428,74332,Bug Fix,Waterfall,3,On-site,True,0,True,True,Basic,Documentation,Code Review,Sub-2s response time,Security
TASK090,Quality-focused system-worthy hub,16,"AWS,Docker,Machine Learning",3,"4,9,10",CLIENT021,PROJ029,Testing,5,Completed,73,111,2024-08-08,,WRK029,"AWS Solutions Architect,PMP",Internal,5,7,Low,57898,75452,Research,Kanban,5,Any,True,50,False,False,Basic,Documentation,Performance Test,Sub-2s response time,"UAT,Security"
TASK091,Synchronized upward-trending standardization,13,"Node.js,SQL,Redux,TypeScript,Machine Learning,Kubernetes",3,"1,4,6,9",CLIENT119,PROJ045,Documentation,3,Not Started,142,169,2024-08-30,TASK031,WRK114,"Certified Ethical Hacker,Scrum Master",Confidential,2,8,Low,45215,21961,Maintenance,DevOps,4,Specific Region,True,0,False,False,SOX,Code,Performance Test,95% test coverage,"Integration,UAT,Unit"
TASK092,Secured intermediate leverage,2,"Java,Docker,TypeScript",4,"1,4,7,10",CLIENT130,PROJ014,Testing,4,Blocked,146,129,2024-09-14,TASK005,"WRK049,WRK012,WRK076",Certified Ethical Hacker,Restricted,2,6,Medium,23543,45129,Bug Fix,Agile,6,Any,False,0,True,False,HIPAA,Analysis,UAT,95% test coverage,"Integration,Unit,Performance"
TASK093,Business-focused user-facing circuit,11,"AWS,React,SQL,Node.js",5,"1,3,4,5,7",CLIENT080,PROJ099,Development,4,Not Started,255,251,2025-03-27,TASK066,"WRK067,WRK011,WRK026",Scrum Master,Internal,10,10,High,10359,75769,Enhancement,Kanban,7,Any,False,50,True,True,Basic,Design,Performance Test,95% test coverage,"Performance,Security,Unit"
TASK094,Synchronized logistical firmware,12,"SQL,AWS,Python,Redux,TypeScript,Java",3,"3,6,7,8,9",CLIENT039,PROJ076,Analysis,10,Completed,149,151,2025-04-08,,"WRK081,WRK074",,Confidential,5,5,Medium,89338,6317,Core Feature,DevOps,2,Any,True,25,False,False,"PCI-DSS,Basic",Analysis,UAT,Sub-2s response time,"Security,Performance,Integration"
TASK095,Seamless dedicated strategy,14,"Blockchain,Kubernetes,Node.js",2,"1,3,7",CLIENT170,PROJ073,Development,10,Completed,241,222,2024-11-15,"TASK083,TASK013","WRK146,WRK123,WRK149",Scrum Master,Confidential,6,9,High,71465,78145,Research,Kanban,4,Any,False,25,False,True,"Basic,SOX",Code,Performance Test,Sub-2s response time,Security
TASK096,Down-sized multi-state data-warehouse,7,"React,Python,Java,SQL,Node.js,Redux",4,"7,10",CLIENT083,PROJ066,Development,10,In Progress,64,102,2025-02-27,TASK007,"WRK095,WRK107",,Internal,5,4,Low,8740,73764,Enhancement,DevOps,7,Any,True,0,False,False,"GDPR,SOX",Report,Unit Tests,95% test coverage,UAT
TASK097,User-centric next generation solution,19,"Redux,Kubernetes,Python,Node.js",6,"3,4,7,9",CLIENT001,PROJ003,Development,4,Blocked,398,378,2025-04-20,"TASK034,TASK091",WRK033,Certified Ethical Hacker,Public,2,3,High,73215,65780,Maintenance,Kanban,2,Specific Region,False,50,False,True,SOX,Code,UAT,Sub-2s response time,"Performance,UAT,Integration"
TASK098,Monitored systemic implementation,2,"Redux,Node.js,Java",5,"2,5,6,9,10",CLIENT011,PROJ007,Development,7,Cancelled,201,231,2025-05-21,,"WRK061,WRK133,WRK038",Scrum Master,Public,10,10,Critical,94409,15958,Bug Fix,Agile,10,On-site,False,25,False,False,HIPAA,Documentation,UAT,Sub-2s response time,"Integration,Security,UAT"
TASK099,Up-sized coherent adapter,9,"Node.js,Docker,React,AWS,Blockchain",6,"2,7,10",CLIENT067,PROJ089,Analysis,5,Blocked,282,329,2025-03-23,"TASK097,TASK071","WRK018,WRK088,WRK142",,Confidential,4,7,Low,88960,66378,Research,Kanban,8,Any,False,50,True,True,"HIPAA,GDPR",Documentation,Performance Test,95% test coverage,Security
TASK100,Switchable multi-tasking encoding,13,"AWS,React,SQL,Blockchain,Docker",5,"3,4,5,7,9",CLIENT033,PROJ071,Analysis,8,Completed,378,389,2025-05-18,"TASK058,TASK046",WRK137,Certified Ethical Hacker,Restricted,10,3,Low,18899,26161,Enhancement,Agile,9,On-site,True,50,False,False,"GDPR,PCI-DSS",Design,Code Review,95% test coverage,"UAT,Performance,Security"
TASK101,Reduced background challenge,12,"Node.js,Python,React",2,"3,4",CLIENT151,PROJ024,Documentation,2,Not Started,291,333,2024-07-09,,"WRK002,WRK074,WRK005",Scrum Master,Confidential,9,7,Medium,86288,12376,Maintenance,DevOps,8,Any,True,0,False,True,HIPAA,Documentation,Unit Tests,95% test coverage,"Unit,Integration,Performance"
TASK102,Business-focused real-time ability,12,"Redux,Java,Machine Learning,AWS,Kubernetes,Python",3,"3,6,7",CLIENT050,PROJ074,Testing,7,Blocked,293,296,2025-05-11,,"WRK060,WRK099",Scrum Master,Confidential,1,8,Critical,47953,71335,Bug Fix,Waterfall,4,Specific Region,False,0,False,False,HIPAA,Report,Unit Tests,Sub-2s response time,"Performance,Security"
TASK103,Multi-layered holistic productivity,4,"Java,AWS,Machine Learning,Node.js,TypeScript",4,"1,5,6",CLIENT006,PROJ071,Analysis,3,Completed,147,185,2024-10-16,,"WRK065,WRK013,WRK006","Certified Ethical Hacker,PMP",Public,7,6,High,19560,2924,Enhancement,DevOps,4,On-site,False,25,True,False,"PCI-DSS,SOX",Design,Performance Test,Sub-2s response time,"UAT,Security,Unit"
TASK104,Stand-alone system-worthy encryption,18,"TypeScript,Machine Learning,SQL,Blockchain,React",5,"2,5,9",CLIENT120,PROJ082,Design,5,Not Started,105,139,2025-01-14,"TASK092,TASK036",WRK112,"AWS Solutions Architect,Scrum Master",Confidential,9,5,High,45300,38772,Research,Waterfall,2,Specific Region,False,0,False,True,"PCI-DSS,Basic",Design,Unit Tests,95% test coverage,"UAT,Unit"
TASK105,Total bi-directional Graphical User Interface,18,"Machine Learning,TypeScript,Java,Docker",3,"2,6,8,10",CLIENT197,PROJ083,Analysis,2,Not Started,190,208,2025-03-24,TASK085,WRK113,,Confidential,5,8,High,36762,12295,Enhancement,Agile,4,On-site,False,50,False,False,GDPR,Analysis,Performance Test,Sub-2s response time,"UAT,Unit,Performance"
TASK106,Extended incremental hub,18,"React,Docker,Python,Blockchain,SQL",6,"3,4,6,8,9",CLIENT004,PROJ007,Documentation,3,In Progress,103,144,2025-02-28,TASK084,"WRK060,WRK101",,Public,2,10,Low,96393,86626,Research,Waterfall,10,On-site,False,50,False,True,Basic,Analysis,Code Review,Sub-2s response time,Integration
TASK107,Ergonomic human-resource installation,8,"Redux,SQL,TypeScript,React,Kubernetes",5,"2,6,7",CLIENT205,PROJ042,Analysis,2,Not Started,151,165,2024-11-22,,WRK143,,Restricted,8,1,Medium,45447,6091,Bug Fix,Agile,2,Any,False,25,False,True,"PCI-DSS,SOX",Design,Performance Test,Sub-2s response time,"UAT,Integration,Performance"
TASK108,Streamlined demand-driven instruction set,16,"Blockchain,Java,Kubernetes,Docker",5,"2,7",CLIENT059,PROJ014,Analysis,7,Not Started,362,392,2024-09-11,"TASK014,TASK066","WRK013,WRK012",,Internal,5,9,Critical,32375,57129,Enhancement,Kanban,9,Specific Region,True,25,False,False,SOX,Analysis,Performance Test,95% test coverage,Security
TASK109,Function-based multi-tasking software,7,"Kubernetes,Docker,SQL,Machine Learning",6,"2,4,6,9",CLIENT017,PROJ015,Design,2,Blocked,276,297,2025-03-08,"TASK032,TASK049","WRK015,WRK148,WRK060",Scrum Master,Restricted,9,9,High,36165,42977,Research,DevOps,5,On-site,False,50,False,False,"GDPR,HIPAA",Report,Unit Tests,95% test coverage,"Performance,Security,UAT"
TASK110,Re-contextualized incremental emulation,16,"Node.js,Python,React,SQL",6,"1,7,8,9",CLIENT197,PROJ049,Testing,5,Blocked,90,87,2024-08-03,"TASK004,TASK055","WRK128,WRK005,WRK097",,Public,4,2,High,62302,71004,Maintenance,Kanban,5,On-site,True,25,False,True,"SOX,GDPR",Report,Code Review,95% test coverage,Integration
TASK111,Triple-buffered multimedia solution,15,"Blockchain,Node.js,TypeScript",2,"8,10",CLIENT175,PROJ087,Testing,1,Blocked,51,41,2024-12-25,"TASK086,TASK020","WRK041,WRK122","Certified Ethical Hacker,Scrum Master",Restricted,4,5,Critical,93097,3949,Core Feature,Kanban,7,On-site,False,50,False,True,Basic,Analysis,UAT,Sub-2s response time,"Unit,Security,Performance"
TASK112,Persistent multi-tasking protocol,17,"SQL,AWS,Python",6,"4,5,7",CLIENT197,PROJ034,Design,10,Cancelled,375,380,2024-10-01,"TASK038,TASK023","WRK116,WRK110,WRK070",PMP,Internal,1,7,Low,29158,74747,Core Feature,Agile,2,Any,False,25,False,False,SOX,Code,Code Review,95% test coverage,"Performance,UAT,Security"
TASK113,Extended actuating challenge,11,"TypeScript,AWS,Blockchain",3,"4,6,8,9",CLIENT030,PROJ003,Testing,1,In Progress,94,93,2024-10-18,"TASK047,TASK059","WRK079,WRK087",Certified Ethical Hacker,Internal,4,10,Critical,9434,16800,Research,Kanban,2,On-site,False,0,False,False,HIPAA,Report,Performance Test,Sub-2s response time,"UAT,Performance"
TASK114,Front-line logistical algorithm,16,"Machine Learning,Kubernetes,TypeScript,SQL,Java,Python",4,"8,10",CLIENT163,PROJ066,Analysis,3,Not Started,61,42,2024-11-18,"TASK109,TASK057","WRK034,WRK001,WRK076",,Public,4,5,High,31631,29661,Enhancement,Agile,2,Any,False,50,False,False,HIPAA,Documentation,UAT,Sub-2s response time,Performance
TASK115,User-friendly tertiary instruction set,13,"Blockchain,AWS,Node.js,Machine Learning,Kubernetes,TypeScript",5,"2,6,7,8,9",CLIENT001,PROJ017,Analysis,5,Completed,287,276,2024-10-30,TASK074,WRK068,,Public,1,7,High,46584,5160,Research,DevOps,9,Any,False,50,False,True,GDPR,Design,Unit Tests,95% test coverage,"UAT,Performance"
TASK116,Multi-channeled high-level knowledge user,9,"Python,Kubernetes,Blockchain,Java",4,"6,9",CLIENT198,PROJ008,Design,6,Blocked,316,321,2024-06-12,TASK030,"WRK082,WRK052,WRK150",Scrum Master,Confidential,9,6,Critical,7648,73309,Bug Fix,Agile,5,Specific Region,False,0,False,False,Basic,Report,UAT,95% test coverage,"Security,UAT"
TASK117,Decentralized responsive solution,12,"Docker,Java,Blockchain,React,TypeScript",5,"2,3,9",CLIENT029,PROJ098,Design,8,Blocked,213,215,2024-06-04,"TASK010,TASK067",WRK080,,Confidential,3,5,Critical,91794,8642,Bug Fix,DevOps,6,Any,False,25,True,False,Basic,Code,Performance Test,Sub-2s response time,Security
TASK118,Persistent homogeneous protocol,10,"AWS,Docker,Node.js,TypeScript,Kubernetes",6,"1,10",CLIENT074,PROJ029,Testing,2,Cancelled,86,99,2024-07-29,"TASK044,TASK081","WRK006,WRK113,WRK141",,Restricted,10,2,Medium,13777,77786,Enhancement,Agile,2,Any,True,25,True,True,"SOX,HIPAA",Documentation,Performance Test,95% test coverage,"Performance,Security,Integration"
TASK119,Ameliorated executive hierarchy,3,"SQL,Redux,React",3,"4,5,6",CLIENT023,PROJ066,Design,10,Cancelled,307,355,2024-06-24,TASK083,WRK042,,Restricted,1,7,Critical,60094,45732,Bug Fix,Agile,2,Specific Region,False,0,False,False,GDPR,Code,UAT,95% test coverage,Security
TASK120,Decentralized optimal product,13,"SQL,TypeScript,Redux,Docker",5,"5,7,8,9,10",CLIENT064,PROJ085,Documentation,10,Cancelled,202,225,2024-12-25,TASK005,"WRK005,WRK097,WRK130",,Restricted,10,5,Critical,87493,68756,Bug Fix,Agile,6,Any,True,25,False,False,"GDPR,SOX",Design,Performance Test,95% test coverage,Security
