WorkerID,WorkerName,Skills,AvailableSlots,MaxLoadPerPhase,WorkerGroup,QualificationLevel,Department,Location,HourlyRate,CostCenter,EmploymentType,ExperienceYears,Certifications,Languages,Availability,TimeZone,PreferredProjects,SkillProficiency,PerformanceRating,UtilizationTarget,Specializations,SecurityClearance,RemoteCapable,TravelWillingness,MentorCapable,LeadershipLevel,TrainingNeeds
WRK001,Matthew Rojas,"Machine Learning,Java,SQL,Docker,AWS,Node.js","1,3,4,7,8,10",3,Frontend,senior,Research,"London, UK",175,CC-ENG-005,Consultant,22,,"Spanish,Hindi",Available,UTC-8,Startup,"{""Machine Learning"": 5, ""Java"": 8, ""SQL"": 8, ""Docker"": 10, ""AWS"": 9, ""Node.js"": 5}",4.48,71,"IoT,Blockchain",Basic,False,0,True,10,
WRK002,Thomas Marshall,"SQL,Redux,Kubernetes","1,4,10",6,QA,principal,Support,"San Francisco, CA",136,CC-ENG-002,Full-time,10,"Certified Ethical Hacker,AWS Solutions Architect","Spanish,English",Busy,UTC-8,Enterprise,"{""SQL"": 8, ""Redux"": 5, ""Kubernetes"": 6}",4.35,72,Blockchain,Top-Secret,False,25,False,4,Project Management
WRK003,Michael Hill,"Blockchain,Kubernetes,Python,React","2,3,6,8,9,10",4,Frontend,junior,Support,"London, UK",184,CC-ENG-005,Consultant,15,,"Hindi,French,Spanish",Limited,UTC-8,Enterprise,"{""Blockchain"": 6, ""Kubernetes"": 5, ""Python"": 10, ""React"": 10}",4.24,63,"Blockchain,IoT",None,True,25,True,5,React Native
WRK004,Ryan Stephens,"Python,Blockchain,Java","1,3,6,7,8,9",6,Database,lead,Engineering,"San Francisco, CA",171,CC-CONS-004,Contract,22,,"French,Mandarin",Limited,UTC+8,"Enterprise,Greenfield","{""Python"": 9, ""Blockchain"": 9, ""Java"": 9}",4.18,82,"IoT,Machine Learning",Secret,True,50,False,10,Kubernetes
WRK005,Shawna Valencia,"React,Redux,TypeScript,Docker,Machine Learning","1,4,10",3,Mobile,junior,Consulting,"San Francisco, CA",192,CC-CONS-004,Contract,23,Scrum Master,"French,Spanish",On-leave,UTC-8,"Startup,Enterprise","{""React"": 9, ""Redux"": 5, ""TypeScript"": 10, ""Docker"": 5, ""Machine Learning"": 7}",4.36,93,,Top-Secret,False,0,False,6,
WRK006,Dr. Daniel Andersen PhD,"Machine Learning,React,Python,SQL,AWS","1,2,4,5,8,9",5,Database,principal,Consulting,"San Francisco, CA",177,CC-SUP-001,Consultant,1,,"Mandarin,English",On-leave,UTC-8,Enterprise,"{""Machine Learning"": 8, ""React"": 10, ""Python"": 5, ""SQL"": 7, ""AWS"": 10}",4.09,76,,Secret,True,0,True,2,"Project Management,Kubernetes"
WRK007,Gary Francis,"Redux,Python,TypeScript,React,Java,Kubernetes","1,2,5,6",2,Security,junior,Support,Remote,53,CC-ENG-003,Full-time,8,AWS Solutions Architect,"Hindi,Mandarin,Spanish",On-leave,UTC+0,"Startup,Enterprise","{""Redux"": 9, ""Python"": 9, ""TypeScript"": 8, ""React"": 9, ""Java"": 9, ""Kubernetes"": 8}",4.43,73,,None,True,50,False,5,"Project Management,React Native"
WRK008,Daniel Larson,"SQL,React,Java,Docker,Redux,Node.js","4,5,7,9,10",3,Mobile,junior,Engineering,"San Francisco, CA",34,CC-SUP-002,Contract,6,"Certified Ethical Hacker,PMP","Mandarin,Spanish,English",On-leave,UTC+8,Startup,"{""SQL"": 6, ""React"": 6, ""Java"": 9, ""Docker"": 8, ""Redux"": 7, ""Node.js"": 5}",4.01,89,IoT,Basic,False,0,True,1,React Native
WRK009,Jeffrey Jones,"Python,Docker,Machine Learning,Redux,React,Java","3,4,5,6",5,Design,senior,Support,Remote,62,CC-ENG-001,Consultant,14,"Scrum Master,Certified Ethical Hacker","French,English",On-leave,UTC+8,"Startup,Greenfield","{""Python"": 8, ""Docker"": 9, ""Machine Learning"": 6, ""Redux"": 6, ""React"": 6, ""Java"": 7}",4.93,66,,None,True,25,False,1,Kubernetes
WRK010,Andrew Williams,"Node.js,Java,React,Kubernetes","3,5,7,9",6,Database,lead,Engineering,"San Francisco, CA",188,CC-ENG-005,Full-time,24,,English,Busy,UTC-8,"Startup,Enterprise","{""Node.js"": 10, ""Java"": 6, ""React"": 10, ""Kubernetes"": 7}",3.52,66,"Machine Learning,IoT",Secret,False,75,True,8,Kubernetes
WRK011,Daniel Jones,"Blockchain,Java,Kubernetes","5,6,7,10",4,Mobile,lead,Consulting,"London, UK",45,CC-ENG-005,Consultant,12,AWS Solutions Architect,"French,Spanish",Available,UTC+8,"Enterprise,Greenfield","{""Blockchain"": 6, ""Java"": 9, ""Kubernetes"": 9}",3.68,92,Blockchain,None,True,50,False,8,"React Native,Project Management"
WRK012,Rhonda Rosales,"Java,Node.js,SQL,Docker,React","2,3,8,10",5,Design,lead,Support,"London, UK",121,CC-SUP-002,Consultant,7,,Hindi,Busy,UTC-8,Greenfield,"{""Java"": 8, ""Node.js"": 5, ""SQL"": 10, ""Docker"": 10, ""React"": 6}",4.91,61,IoT,Secret,True,25,True,8,"React Native,Kubernetes"
WRK013,Anne Blackburn,"Kubernetes,React,AWS,Redux,Node.js","3,4,6,8,10",6,Security,junior,Consulting,"London, UK",28,CC-CONS-005,Contract,2,,"Hindi,Mandarin,English",Available,UTC+0,"Startup,Enterprise","{""Kubernetes"": 6, ""React"": 7, ""AWS"": 5, ""Redux"": 8, ""Node.js"": 5}",3.53,71,Blockchain,Secret,True,100,False,5,Kubernetes
WRK014,Sharon Wiley,"Python,Java,Redux,AWS","1,2,4,5,9,10",4,Mobile,junior,Consulting,"London, UK",88,CC-ENG-004,Part-time,23,"Scrum Master,AWS Solutions Architect",Mandarin,On-leave,UTC-8,"Greenfield,Enterprise","{""Python"": 6, ""Java"": 6, ""Redux"": 5, ""AWS"": 7}",3.6,73,,Secret,True,0,False,5,"Project Management,Kubernetes"
WRK015,Mark Sanders,"TypeScript,Blockchain,Python,SQL","1,7,10",2,DevOps,lead,Sales,"London, UK",184,CC-ENG-005,Full-time,24,"Scrum Master,Certified Ethical Hacker",French,On-leave,UTC+8,"Enterprise,Startup","{""TypeScript"": 5, ""Blockchain"": 9, ""Python"": 8, ""SQL"": 7}",4.25,92,Blockchain,Secret,True,25,True,2,
WRK016,Leonard Hines,"Docker,AWS,Java,Python,Node.js,TypeScript","2,5,10",2,Backend,mid,Engineering,Remote,53,CC-SUP-002,Full-time,7,"Certified Ethical Hacker,PMP","Hindi,English,French",Available,UTC+8,Greenfield,"{""Docker"": 6, ""AWS"": 8, ""Java"": 10, ""Python"": 10, ""Node.js"": 5, ""TypeScript"": 7}",4.8,63,"Machine Learning,IoT",Secret,False,0,True,9,
WRK017,Michael Evans,"TypeScript,React,Java,Blockchain","2,3,4,8,9,10",7,Database,mid,Research,"London, UK",56,CC-SUP-002,Contract,18,"Scrum Master,Certified Ethical Hacker","English,French,Spanish",Busy,UTC-8,Startup,"{""TypeScript"": 5, ""React"": 10, ""Java"": 6, ""Blockchain"": 10}",3.52,69,"Blockchain,Machine Learning",Secret,True,50,False,5,Project Management
WRK018,Maria Miranda,"Python,Blockchain,Docker","1,3,5,6,9,10",5,Security,mid,Consulting,Remote,178,CC-ENG-001,Contract,20,,"Spanish,Hindi",Available,UTC-8,Greenfield,"{""Python"": 10, ""Blockchain"": 7, ""Docker"": 9}",3.61,61,"Blockchain,Machine Learning",Basic,True,75,False,8,"Project Management,React Native"
WRK019,Jennifer Davis,"Machine Learning,Kubernetes,Node.js","2,3,4,6,7,8",7,Frontend,senior,Consulting,"San Francisco, CA",187,CC-ENG-005,Part-time,22,,Spanish,On-leave,UTC+8,"Startup,Enterprise","{""Machine Learning"": 5, ""Kubernetes"": 7, ""Node.js"": 5}",4.29,79,"Machine Learning,Blockchain",None,True,25,False,6,
WRK020,Rachel Hall,"Machine Learning,Java,AWS,Python","1,4,5,6,7,10",4,DevOps,senior,Sales,"San Francisco, CA",54,CC-CONS-001,Contract,7,Certified Ethical Hacker,Hindi,On-leave,UTC+8,"Startup,Enterprise","{""Machine Learning"": 5, ""Java"": 5, ""AWS"": 7, ""Python"": 10}",4.8,60,,None,True,25,True,8,"Project Management,React Native"
WRK021,Juan Powell,"Blockchain,Python,Docker,Redux,Kubernetes,Java","1,2,7",7,Security,lead,Sales,"London, UK",106,CC-SUP-002,Part-time,17,PMP,Spanish,On-leave,UTC-8,Enterprise,"{""Blockchain"": 5, ""Python"": 8, ""Docker"": 6, ""Redux"": 8, ""Kubernetes"": 7, ""Java"": 8}",3.66,63,,Top-Secret,True,50,False,8,"React Native,Project Management"
WRK022,William Coleman,"Kubernetes,AWS,SQL,Redux,React","2,4,8",3,Mobile,lead,Research,"London, UK",84,CC-CONS-005,Part-time,1,,"English,Mandarin,French",Available,UTC+8,Greenfield,"{""Kubernetes"": 10, ""AWS"": 5, ""SQL"": 10, ""Redux"": 9, ""React"": 9}",4.81,71,IoT,Basic,False,75,False,10,Project Management
WRK023,Teresa Snow,"TypeScript,Redux,Kubernetes,Python,React","1,2,3,6,7",6,Mobile,senior,Consulting,"San Francisco, CA",53,CC-ENG-004,Full-time,5,"AWS Solutions Architect,PMP","English,French",Limited,UTC-8,"Greenfield,Startup","{""TypeScript"": 8, ""Redux"": 10, ""Kubernetes"": 7, ""Python"": 9, ""React"": 9}",3.9,87,Machine Learning,Secret,True,0,False,3,Project Management
WRK024,Heather Norris,"React,SQL,AWS,Java,Python,Kubernetes","3,4,6,8,9,10",3,Frontend,senior,Support,Remote,29,CC-CONS-005,Consultant,8,AWS Solutions Architect,"Mandarin,Hindi",On-leave,UTC-8,Startup,"{""React"": 10, ""SQL"": 6, ""AWS"": 8, ""Java"": 5, ""Python"": 7, ""Kubernetes"": 9}",3.84,67,,None,False,25,False,10,
WRK025,Mr. Tyrone Hobbs DDS,"Java,Kubernetes,Redux","2,4,6",4,Mobile,principal,Research,"San Francisco, CA",198,CC-ENG-005,Contract,22,Certified Ethical Hacker,Mandarin,Busy,UTC+0,Greenfield,"{""Java"": 5, ""Kubernetes"": 10, ""Redux"": 8}",3.56,77,Machine Learning,Basic,True,50,False,9,"React Native,Kubernetes"
WRK026,Mary Goodwin,"Redux,Docker,AWS","1,3,5,8",5,DevOps,junior,Support,"San Francisco, CA",171,CC-SUP-001,Contract,2,,"French,English",Limited,UTC+0,"Enterprise,Startup","{""Redux"": 6, ""Docker"": 9, ""AWS"": 5}",4.64,94,,Secret,True,0,True,3,React Native
WRK027,Sheila Mcdonald,"Docker,Blockchain,AWS,React,Java,Redux","1,4,9",7,Security,mid,Sales,"London, UK",70,CC-SUP-004,Consultant,18,AWS Solutions Architect,"Mandarin,French",Limited,UTC-8,"Enterprise,Startup","{""Docker"": 6, ""Blockchain"": 7, ""AWS"": 7, ""React"": 6, ""Java"": 10, ""Redux"": 9}",4.64,81,,Secret,False,50,False,10,Kubernetes
WRK028,Christopher Jones,"React,Machine Learning,AWS,SQL,TypeScript,Kubernetes","1,4,7",5,DevOps,junior,Research,Remote,187,CC-CONS-005,Full-time,1,,"Hindi,French,Spanish",Busy,UTC+0,Startup,"{""React"": 5, ""Machine Learning"": 6, ""AWS"": 9, ""SQL"": 9, ""TypeScript"": 7, ""Kubernetes"": 10}",3.67,92,,Top-Secret,True,0,True,5,
WRK029,Roger Davis,"Machine Learning,AWS,TypeScript,Node.js,Redux","1,2,7",7,Design,lead,Support,Remote,42,CC-ENG-001,Consultant,6,,English,Busy,UTC+0,Enterprise,"{""Machine Learning"": 6, ""AWS"": 9, ""TypeScript"": 9, ""Node.js"": 9, ""Redux"": 9}",4.66,78,Machine Learning,None,False,25,False,3,Project Management
WRK030,Michelle Patel,"Blockchain,Redux,TypeScript","1,3,4,5,7,9",4,Frontend,senior,Research,"London, UK",44,CC-CONS-004,Full-time,12,Scrum Master,"Hindi,English",On-leave,UTC+8,Startup,"{""Blockchain"": 5, ""Redux"": 5, ""TypeScript"": 5}",4.66,72,,Basic,False,50,True,5,
WRK031,Sheila Smith,"Machine Learning,Java,Docker,TypeScript,SQL","2,9,10",2,QA,lead,Support,Remote,28,CC-SUP-004,Contract,11,"Certified Ethical Hacker,PMP","Spanish,Mandarin,Hindi",Busy,UTC-8,"Enterprise,Greenfield","{""Machine Learning"": 5, ""Java"": 10, ""Docker"": 10, ""TypeScript"": 9, ""SQL"": 9}",4.83,79,,None,False,50,True,5,
WRK032,Matthew George,"SQL,Node.js,Blockchain,Redux,AWS,TypeScript","1,5,7,8,9,10",7,Design,junior,Consulting,"San Francisco, CA",57,CC-ENG-004,Full-time,1,"AWS Solutions Architect,PMP",French,Busy,UTC+8,Startup,"{""SQL"": 8, ""Node.js"": 9, ""Blockchain"": 9, ""Redux"": 5, ""AWS"": 9, ""TypeScript"": 7}",4.59,73,Blockchain,Top-Secret,False,0,True,7,
WRK033,Dean Baldwin,"Java,React,Redux,SQL,Docker","2,4,7,8,9,10",2,Mobile,junior,Engineering,"San Francisco, CA",37,CC-CONS-004,Part-time,19,Scrum Master,"English,Spanish",Available,UTC+0,"Enterprise,Startup","{""Java"": 7, ""React"": 6, ""Redux"": 10, ""SQL"": 5, ""Docker"": 6}",4.51,95,IoT,Top-Secret,False,0,True,2,
WRK034,Lawrence Ware,"Blockchain,AWS,TypeScript,Docker","3,8,10",5,Frontend,principal,Consulting,"San Francisco, CA",153,CC-CONS-001,Part-time,17,,French,Available,UTC-8,Startup,"{""Blockchain"": 6, ""AWS"": 5, ""TypeScript"": 7, ""Docker"": 10}",3.67,84,"IoT,Machine Learning",Top-Secret,True,50,True,5,"React Native,Project Management"
WRK035,Patricia Walker,"Docker,Blockchain,AWS,React","2,3,4,6,7,10",5,Mobile,principal,Sales,Remote,76,CC-CONS-003,Full-time,1,"AWS Solutions Architect,PMP","English,Spanish,French",Limited,UTC+0,Enterprise,"{""Docker"": 5, ""Blockchain"": 10, ""AWS"": 7, ""React"": 9}",4.03,76,,None,True,0,False,1,
WRK036,Spencer Cowan,"SQL,AWS,Java,Machine Learning,Python","5,6,8",2,Mobile,lead,Engineering,"London, UK",47,CC-CONS-001,Contract,25,,"English,Mandarin,French",Available,UTC+8,"Greenfield,Startup","{""SQL"": 5, ""AWS"": 5, ""Java"": 5, ""Machine Learning"": 7, ""Python"": 10}",3.92,77,"Machine Learning,IoT",Secret,False,0,False,1,Project Management
WRK037,John Christian,"Java,Redux,Docker,SQL","1,2,4,7,10",7,Design,principal,Support,"London, UK",154,CC-CONS-002,Contract,18,,"Spanish,Mandarin,Hindi",Busy,UTC+8,Greenfield,"{""Java"": 5, ""Redux"": 8, ""Docker"": 9, ""SQL"": 10}",4.98,62,"Machine Learning,IoT",Top-Secret,False,0,True,1,React Native
WRK038,Alexandra Myers,"Kubernetes,Redux,AWS,Python,React,SQL","1,5,8",6,Design,junior,Sales,"San Francisco, CA",112,CC-CONS-004,Full-time,4,AWS Solutions Architect,"French,Mandarin,Spanish",On-leave,UTC+0,"Enterprise,Greenfield","{""Kubernetes"": 7, ""Redux"": 10, ""AWS"": 10, ""Python"": 10, ""React"": 7, ""SQL"": 10}",3.81,68,"Machine Learning,Blockchain",Top-Secret,True,0,True,4,
WRK039,Ashley Bailey,"Redux,TypeScript,Python,Machine Learning,SQL,Node.js","1,2,5,7",2,Security,mid,Sales,"London, UK",32,CC-ENG-002,Full-time,8,AWS Solutions Architect,English,Busy,UTC-8,Enterprise,"{""Redux"": 8, ""TypeScript"": 10, ""Python"": 10, ""Machine Learning"": 5, ""SQL"": 6, ""Node.js"": 6}",3.56,86,Blockchain,None,False,50,True,9,
WRK040,Jennifer Franco,"AWS,Machine Learning,Blockchain","1,5,7",6,Mobile,junior,Engineering,"London, UK",124,CC-SUP-004,Full-time,16,,"English,Spanish,French",On-leave,UTC+0,"Greenfield,Enterprise","{""AWS"": 7, ""Machine Learning"": 6, ""Blockchain"": 8}",4.48,61,,Secret,True,0,False,2,
WRK041,Cassidy Williams,"Kubernetes,Docker,TypeScript,Java,React,Python","1,3,5,6",6,Frontend,principal,Sales,"London, UK",137,CC-SUP-004,Consultant,7,,"Spanish,Mandarin,English",Limited,UTC-8,"Startup,Enterprise","{""Kubernetes"": 9, ""Docker"": 10, ""TypeScript"": 5, ""Java"": 7, ""React"": 5, ""Python"": 10}",4.36,87,,None,False,100,True,7,
WRK042,John Edwards,"Machine Learning,Redux,Kubernetes,Blockchain","1,5,7,8,9",5,Backend,junior,Engineering,"London, UK",85,CC-CONS-004,Part-time,2,"AWS Solutions Architect,PMP","English,Mandarin",On-leave,UTC-8,"Greenfield,Enterprise","{""Machine Learning"": 7, ""Redux"": 10, ""Kubernetes"": 7, ""Blockchain"": 9}",4.83,82,"IoT,Blockchain",Top-Secret,False,75,True,8,"Kubernetes,Project Management"
WRK043,Jordan Fernandez,"Kubernetes,Docker,Java","1,2,4,9",6,QA,lead,Engineering,"London, UK",86,CC-SUP-004,Full-time,3,"AWS Solutions Architect,Certified Ethical Hacker",French,On-leave,UTC+8,"Startup,Enterprise","{""Kubernetes"": 8, ""Docker"": 6, ""Java"": 7}",3.74,64,,Basic,False,100,True,9,React Native
WRK044,Thomas Mccann,"React,Machine Learning,TypeScript,Kubernetes,SQL","6,8,9,10",5,Backend,lead,Support,Remote,162,CC-ENG-003,Full-time,19,AWS Solutions Architect,Hindi,Available,UTC+8,Greenfield,"{""React"": 7, ""Machine Learning"": 9, ""TypeScript"": 8, ""Kubernetes"": 9, ""SQL"": 8}",4.01,79,Blockchain,Secret,True,0,False,10,
WRK045,Teresa Ward,"Blockchain,Node.js,Java,SQL,Docker,React","1,2,4,6,8,9",7,Mobile,principal,Sales,"London, UK",79,CC-SUP-003,Consultant,2,,English,Busy,UTC+0,"Startup,Greenfield","{""Blockchain"": 9, ""Node.js"": 8, ""Java"": 8, ""SQL"": 10, ""Docker"": 9, ""React"": 6}",4.64,88,"Blockchain,IoT",None,False,100,True,4,Project Management
WRK046,Anthony Nash,"Machine Learning,Java,Redux,Kubernetes,Python,React","2,3,4,5,8,10",7,Database,senior,Sales,"London, UK",117,CC-CONS-005,Full-time,4,,"Hindi,Spanish",Busy,UTC-8,"Greenfield,Enterprise","{""Machine Learning"": 10, ""Java"": 6, ""Redux"": 6, ""Kubernetes"": 6, ""Python"": 8, ""React"": 8}",4.85,72,"IoT,Blockchain",None,True,100,False,9,
WRK047,Shelby Miller,"TypeScript,Machine Learning,Redux,Blockchain,Docker","3,4,9",7,Mobile,principal,Engineering,"San Francisco, CA",193,CC-CONS-003,Consultant,25,,"Spanish,Hindi",Available,UTC-8,Greenfield,"{""TypeScript"": 9, ""Machine Learning"": 5, ""Redux"": 8, ""Blockchain"": 8, ""Docker"": 9}",3.74,85,IoT,Top-Secret,True,100,True,9,
WRK048,Vincent Sullivan,"Node.js,Blockchain,React,Kubernetes,Java","2,4,6,8,9",6,Security,junior,Support,"San Francisco, CA",32,CC-CONS-005,Part-time,20,,"Hindi,French,English",On-leave,UTC+8,Enterprise,"{""Node.js"": 6, ""Blockchain"": 9, ""React"": 6, ""Kubernetes"": 9, ""Java"": 6}",3.96,80,,Top-Secret,False,100,False,8,Project Management
WRK049,Heather Francis,"Redux,Python,React,SQL","1,3,4,5,6,10",2,Mobile,lead,Support,"San Francisco, CA",92,CC-CONS-005,Part-time,12,,"French,Hindi,English",Available,UTC-8,"Greenfield,Startup","{""Redux"": 7, ""Python"": 10, ""React"": 7, ""SQL"": 8}",4.02,85,"Machine Learning,IoT",Secret,False,0,False,5,"Kubernetes,Project Management"
WRK050,Lindsey Jones,"SQL,Docker,Kubernetes,React,Python,TypeScript","1,3,6,7,9",6,Security,senior,Engineering,"San Francisco, CA",165,CC-CONS-004,Full-time,21,"AWS Solutions Architect,Scrum Master","Hindi,Mandarin,Spanish",Busy,UTC+8,Startup,"{""SQL"": 6, ""Docker"": 10, ""Kubernetes"": 7, ""React"": 8, ""Python"": 8, ""TypeScript"": 6}",3.73,79,"IoT,Machine Learning",Secret,False,75,True,9,"Project Management,React Native"
WRK051,Steven Jenkins,"SQL,React,TypeScript,Machine Learning,Python","4,5,7",5,Security,mid,Sales,"London, UK",116,CC-SUP-002,Consultant,15,"Certified Ethical Hacker,Scrum Master",Mandarin,Limited,UTC-8,Greenfield,"{""SQL"": 5, ""React"": 5, ""TypeScript"": 8, ""Machine Learning"": 7, ""Python"": 10}",4.44,64,,Top-Secret,True,50,False,2,Project Management
WRK052,Katrina Graham,"Kubernetes,React,Machine Learning,Java","4,5,7,9",4,Backend,principal,Engineering,"London, UK",58,CC-CONS-004,Consultant,19,PMP,"Mandarin,Spanish",Limited,UTC+8,"Greenfield,Enterprise","{""Kubernetes"": 7, ""React"": 10, ""Machine Learning"": 6, ""Java"": 6}",3.97,70,,Secret,True,100,True,7,
WRK053,Shelly Baker,"Kubernetes,TypeScript,Python,AWS,React","6,7,8,9,10",5,Mobile,mid,Engineering,"San Francisco, CA",127,CC-SUP-004,Part-time,14,"AWS Solutions Architect,Scrum Master","Hindi,English,Spanish",On-leave,UTC-8,Enterprise,"{""Kubernetes"": 7, ""TypeScript"": 9, ""Python"": 9, ""AWS"": 7, ""React"": 7}",3.98,60,"IoT,Blockchain",Secret,True,25,False,2,React Native
WRK054,Daniel Herring,"Java,Blockchain,React,Python,Redux,Machine Learning","1,3,4,8",3,QA,principal,Research,Remote,196,CC-ENG-005,Consultant,23,"PMP,AWS Solutions Architect","French,Spanish,Hindi",Limited,UTC-8,Startup,"{""Java"": 10, ""Blockchain"": 7, ""React"": 5, ""Python"": 7, ""Redux"": 9, ""Machine Learning"": 8}",4.66,75,"Blockchain,Machine Learning",Basic,True,25,False,2,
WRK055,John Turner,"React,AWS,SQL","3,5,7,9,10",4,Security,mid,Consulting,"San Francisco, CA",161,CC-ENG-002,Contract,23,,"English,Spanish",Limited,UTC-8,Enterprise,"{""React"": 8, ""AWS"": 5, ""SQL"": 9}",4.58,64,IoT,Secret,True,25,False,3,
WRK056,Kimberly Roberts,"Kubernetes,Java,SQL,AWS,Docker,Blockchain","3,4,5,8,9",2,QA,principal,Consulting,Remote,118,CC-SUP-005,Consultant,1,,"Spanish,English,Hindi",Limited,UTC+0,"Enterprise,Startup","{""Kubernetes"": 9, ""Java"": 5, ""SQL"": 8, ""AWS"": 9, ""Docker"": 7, ""Blockchain"": 8}",4.41,79,IoT,Basic,True,50,True,4,"Kubernetes,React Native"
WRK057,Jerry Adams,"SQL,Python,Machine Learning,Blockchain,Kubernetes,AWS","1,3,4,6,8",5,Design,lead,Support,"San Francisco, CA",28,CC-SUP-003,Consultant,19,AWS Solutions Architect,"Mandarin,French",On-leave,UTC+8,"Enterprise,Startup","{""SQL"": 9, ""Python"": 9, ""Machine Learning"": 7, ""Blockchain"": 6, ""Kubernetes"": 9, ""AWS"": 10}",4.92,72,Blockchain,Top-Secret,True,50,False,2,React Native
WRK058,Mrs. Heather Barrett,"Java,Python,Blockchain,Redux","1,2,4",3,Frontend,mid,Engineering,"San Francisco, CA",186,CC-ENG-005,Full-time,18,Scrum Master,"French,Hindi,Mandarin",Limited,UTC+8,"Greenfield,Enterprise","{""Java"": 7, ""Python"": 7, ""Blockchain"": 6, ""Redux"": 8}",4.24,80,,Top-Secret,False,75,False,10,"React Native,Kubernetes"
WRK059,Marissa Harris,"Kubernetes,Java,Machine Learning","1,2,6",2,Backend,principal,Engineering,"London, UK",152,CC-CONS-002,Contract,14,,"French,Mandarin",On-leave,UTC+8,Greenfield,"{""Kubernetes"": 7, ""Java"": 9, ""Machine Learning"": 6}",4.5,72,,Secret,True,75,True,5,React Native
WRK060,Bradley Ayala,"Redux,AWS,Node.js,Kubernetes,Docker,Blockchain","1,2,6,9",7,DevOps,principal,Support,"London, UK",169,CC-ENG-003,Part-time,18,,"Hindi,French,Spanish",Available,UTC-8,Startup,"{""Redux"": 10, ""AWS"": 10, ""Node.js"": 9, ""Kubernetes"": 6, ""Docker"": 10, ""Blockchain"": 8}",4.03,86,"Machine Learning,IoT",Secret,True,75,False,9,
WRK061,Justin Murphy,"Python,Redux,SQL,Node.js","2,3,4,6,8,10",7,Database,mid,Engineering,"London, UK",121,CC-ENG-005,Part-time,4,"Certified Ethical Hacker,AWS Solutions Architect","Hindi,Spanish,French",On-leave,UTC+0,Greenfield,"{""Python"": 5, ""Redux"": 5, ""SQL"": 7, ""Node.js"": 10}",4.23,90,IoT,Top-Secret,True,50,True,8,Kubernetes
WRK062,Janet Thomas,"Kubernetes,React,Java,Redux,Docker,TypeScript","3,4,8,9,10",2,Design,principal,Engineering,Remote,195,CC-CONS-002,Consultant,17,"PMP,AWS Solutions Architect",Hindi,Busy,UTC+8,"Enterprise,Greenfield","{""Kubernetes"": 6, ""React"": 6, ""Java"": 7, ""Redux"": 6, ""Docker"": 6, ""TypeScript"": 6}",3.62,91,,Top-Secret,False,50,True,1,"React Native,Kubernetes"
WRK063,Latasha Taylor,"Node.js,Kubernetes,React,Machine Learning","1,2,5,7,10",3,DevOps,mid,Sales,"London, UK",45,CC-CONS-004,Full-time,6,Scrum Master,"Mandarin,French,Hindi",On-leave,UTC+8,Startup,"{""Node.js"": 10, ""Kubernetes"": 6, ""React"": 8, ""Machine Learning"": 6}",3.52,90,"Blockchain,IoT",Top-Secret,True,50,False,4,React Native
WRK064,Richard Mendez,"Java,React,TypeScript,Redux,SQL,Docker","2,5,8,9",2,DevOps,mid,Sales,Remote,113,CC-CONS-002,Contract,24,"Scrum Master,PMP",French,Limited,UTC+8,Greenfield,"{""Java"": 7, ""React"": 10, ""TypeScript"": 9, ""Redux"": 10, ""SQL"": 7, ""Docker"": 10}",3.56,81,"Machine Learning,IoT",Basic,True,0,False,8,
WRK065,Angela Chavez,"AWS,SQL,Python,Node.js","1,2,5,7,10",4,Backend,principal,Engineering,Remote,65,CC-CONS-005,Consultant,13,,"Hindi,English,Spanish",On-leave,UTC+8,Startup,"{""AWS"": 10, ""SQL"": 6, ""Python"": 5, ""Node.js"": 5}",4.25,66,"Blockchain,IoT",None,False,100,False,2,Kubernetes
WRK066,Sheryl Hurley,"React,Node.js,Machine Learning,Redux","1,3,4,5,7",4,Backend,lead,Sales,Remote,92,CC-CONS-005,Part-time,3,,"Mandarin,Hindi",Available,UTC+8,Enterprise,"{""React"": 5, ""Node.js"": 6, ""Machine Learning"": 7, ""Redux"": 9}",4.18,95,IoT,Top-Secret,False,50,True,1,"Kubernetes,React Native"
WRK067,Deborah Livingston,"Node.js,AWS,Machine Learning,Kubernetes,Java","2,6,7",7,Frontend,senior,Engineering,"London, UK",142,CC-SUP-002,Part-time,23,"Certified Ethical Hacker,PMP",Hindi,Busy,UTC+0,Startup,"{""Node.js"": 7, ""AWS"": 7, ""Machine Learning"": 10, ""Kubernetes"": 5, ""Java"": 9}",4.86,74,Blockchain,Secret,True,25,False,1,"Kubernetes,React Native"
WRK068,John Burgess,"Python,AWS,SQL,Kubernetes","5,7,10",7,DevOps,lead,Engineering,Remote,94,CC-CONS-002,Contract,18,,"French,Mandarin,Hindi",Busy,UTC+0,"Startup,Enterprise","{""Python"": 6, ""AWS"": 10, ""SQL"": 6, ""Kubernetes"": 5}",3.87,74,"IoT,Blockchain",Basic,True,75,True,1,React Native
WRK069,Charles Rich,"Kubernetes,Machine Learning,React,Node.js,Java,Docker","1,3,5,8,10",6,Backend,principal,Engineering,"London, UK",60,CC-CONS-004,Full-time,4,PMP,"Spanish,Mandarin",Busy,UTC-8,"Enterprise,Greenfield","{""Kubernetes"": 6, ""Machine Learning"": 6, ""React"": 6, ""Node.js"": 7, ""Java"": 5, ""Docker"": 7}",3.97,68,,Basic,False,25,False,10,
WRK070,Alexis Lambert,"Redux,Kubernetes,Java,Node.js,SQL","1,2,5,7,9",4,Backend,lead,Engineering,"San Francisco, CA",138,CC-CONS-004,Full-time,8,"Certified Ethical Hacker,Scrum Master","English,French,Spanish",Limited,UTC-8,"Greenfield,Enterprise","{""Redux"": 5, ""Kubernetes"": 10, ""Java"": 10, ""Node.js"": 7, ""SQL"": 8}",3.68,64,IoT,None,True,75,False,9,"React Native,Kubernetes"
WRK071,Bernard Gonzalez,"Java,Python,Node.js,Docker,Kubernetes","6,7,8,10",3,Backend,senior,Research,"San Francisco, CA",165,CC-SUP-001,Part-time,10,,Hindi,On-leave,UTC+0,"Greenfield,Startup","{""Java"": 10, ""Python"": 8, ""Node.js"": 5, ""Docker"": 9, ""Kubernetes"": 8}",4.79,63,"IoT,Blockchain",None,True,25,True,3,"Project Management,React Native"
WRK072,Kevin Hardy,"Docker,AWS,Blockchain,Java","2,6,8,9",4,Security,lead,Support,"San Francisco, CA",110,CC-ENG-003,Full-time,8,,"English,Hindi,Mandarin",Available,UTC+8,"Startup,Greenfield","{""Docker"": 8, ""AWS"": 5, ""Blockchain"": 9, ""Java"": 8}",4.16,78,,Top-Secret,False,25,False,3,"Kubernetes,React Native"
WRK073,Aaron Wade,"Kubernetes,TypeScript,Machine Learning","3,8,9",5,QA,junior,Consulting,"London, UK",145,CC-SUP-003,Consultant,4,AWS Solutions Architect,Spanish,Busy,UTC+0,"Greenfield,Startup","{""Kubernetes"": 5, ""TypeScript"": 6, ""Machine Learning"": 7}",4.94,64,"Blockchain,Machine Learning",Top-Secret,False,25,False,7,Kubernetes
WRK074,Mark Cooper,"SQL,AWS,Docker,Node.js","3,6,7,8,9",3,Database,principal,Support,"London, UK",178,CC-SUP-002,Consultant,15,,French,Limited,UTC+0,Greenfield,"{""SQL"": 6, ""AWS"": 6, ""Docker"": 7, ""Node.js"": 7}",4.33,87,"IoT,Machine Learning",Basic,True,25,True,2,React Native
WRK075,Jason Kent,"SQL,Node.js,Docker,Machine Learning,Kubernetes,Redux","1,3,6,10",6,QA,principal,Engineering,"San Francisco, CA",174,CC-ENG-002,Part-time,3,AWS Solutions Architect,"Mandarin,Hindi",Busy,UTC+0,"Greenfield,Enterprise","{""SQL"": 7, ""Node.js"": 6, ""Docker"": 5, ""Machine Learning"": 8, ""Kubernetes"": 8, ""Redux"": 10}",4.84,70,"IoT,Machine Learning",Basic,True,0,False,3,
WRK076,Heather Black,"React,Redux,Machine Learning,SQL,AWS","5,6,7,8,9,10",3,Design,mid,Consulting,"San Francisco, CA",107,CC-CONS-002,Contract,21,"Certified Ethical Hacker,PMP","Hindi,English",Limited,UTC-8,"Enterprise,Startup","{""React"": 9, ""Redux"": 8, ""Machine Learning"": 9, ""SQL"": 8, ""AWS"": 6}",4.68,61,"IoT,Machine Learning",Top-Secret,False,50,False,5,"React Native,Kubernetes"
WRK077,Sylvia Beck,"Docker,Kubernetes,AWS,Machine Learning,Python,Java","2,5,10",5,QA,junior,Sales,"London, UK",69,CC-ENG-005,Full-time,22,,"Mandarin,Hindi,French",Busy,UTC+8,"Enterprise,Greenfield","{""Docker"": 5, ""Kubernetes"": 7, ""AWS"": 8, ""Machine Learning"": 10, ""Python"": 7, ""Java"": 8}",4.82,80,Blockchain,Top-Secret,False,25,True,2,
WRK078,Lacey Hernandez,"AWS,Redux,Python,TypeScript","3,4,6,10",6,QA,junior,Research,Remote,30,CC-ENG-001,Contract,15,,"French,English",On-leave,UTC+0,Startup,"{""AWS"": 8, ""Redux"": 9, ""Python"": 8, ""TypeScript"": 10}",3.89,78,Blockchain,Basic,True,100,True,8,"Kubernetes,Project Management"
WRK079,George Parker,"Python,TypeScript,Docker,AWS,Blockchain,Machine Learning","1,3,8,9,10",4,Frontend,principal,Engineering,"San Francisco, CA",33,CC-CONS-004,Consultant,24,"AWS Solutions Architect,PMP","French,English",Available,UTC+0,Startup,"{""Python"": 8, ""TypeScript"": 9, ""Docker"": 9, ""AWS"": 6, ""Blockchain"": 6, ""Machine Learning"": 6}",4.58,89,IoT,Secret,False,100,False,8,Kubernetes
WRK080,Gregory Williams,"TypeScript,Machine Learning,Kubernetes,Blockchain,Redux,Docker","1,7,9",4,Mobile,junior,Research,Remote,139,CC-CONS-003,Part-time,16,,French,Busy,UTC+8,"Startup,Greenfield","{""TypeScript"": 5, ""Machine Learning"": 8, ""Kubernetes"": 5, ""Blockchain"": 7, ""Redux"": 9, ""Docker"": 8}",3.99,76,"Machine Learning,Blockchain",Secret,True,50,False,3,Kubernetes
WRK081,Stephanie Mcdonald,"Kubernetes,Docker,Blockchain,React","4,5,7",6,Frontend,senior,Sales,"San Francisco, CA",54,CC-SUP-001,Consultant,11,AWS Solutions Architect,English,Busy,UTC+0,Greenfield,"{""Kubernetes"": 6, ""Docker"": 10, ""Blockchain"": 5, ""React"": 8}",3.58,86,,Top-Secret,True,100,False,7,"Project Management,React Native"
WRK082,Nancy Crawford,"Kubernetes,Blockchain,Node.js,Redux","4,5,8",7,DevOps,principal,Consulting,"San Francisco, CA",169,CC-CONS-001,Contract,10,,French,Busy,UTC-8,"Startup,Enterprise","{""Kubernetes"": 10, ""Blockchain"": 8, ""Node.js"": 6, ""Redux"": 9}",4.1,68,"Blockchain,Machine Learning",Secret,False,100,True,4,"Kubernetes,Project Management"
WRK083,Carl Cruz,"TypeScript,Python,React,Kubernetes","2,4,6,7,8",3,Mobile,lead,Support,"San Francisco, CA",41,CC-CONS-005,Part-time,22,AWS Solutions Architect,"Mandarin,French,Spanish",Busy,UTC+8,"Startup,Enterprise","{""TypeScript"": 6, ""Python"": 8, ""React"": 5, ""Kubernetes"": 9}",4.32,65,Blockchain,Basic,True,0,False,5,"React Native,Project Management"
WRK084,Lisa Ryan,"AWS,Node.js,Java,SQL","3,4,7,8",6,DevOps,junior,Consulting,"San Francisco, CA",49,CC-CONS-004,Consultant,10,AWS Solutions Architect,"English,Mandarin",Busy,UTC+8,Greenfield,"{""AWS"": 6, ""Node.js"": 7, ""Java"": 10, ""SQL"": 10}",3.83,65,"IoT,Machine Learning",Secret,False,100,False,10,
WRK085,Emily Ferrell,"Docker,React,Java","2,6,7,10",5,Security,lead,Engineering,Remote,144,CC-CONS-003,Full-time,12,"Scrum Master,PMP","Spanish,English",Available,UTC+0,Startup,"{""Docker"": 7, ""React"": 6, ""Java"": 8}",4.63,85,"Blockchain,IoT",Secret,True,100,True,2,Kubernetes
WRK086,William Carr,"Java,SQL,React,Python,Node.js,Kubernetes","1,3,6,8,9,10",6,DevOps,mid,Engineering,"San Francisco, CA",163,CC-SUP-003,Full-time,3,,"Spanish,English",Busy,UTC+8,Greenfield,"{""Java"": 5, ""SQL"": 7, ""React"": 9, ""Python"": 9, ""Node.js"": 8, ""Kubernetes"": 9}",3.57,72,Blockchain,Secret,False,50,False,2,Kubernetes
WRK087,Sara Hernandez,"Java,TypeScript,AWS,Blockchain,Node.js,Machine Learning","1,7,9,10",4,Database,lead,Consulting,Remote,188,CC-CONS-001,Contract,25,"Scrum Master,AWS Solutions Architect","French,Hindi",On-leave,UTC+8,"Greenfield,Startup","{""Java"": 10, ""TypeScript"": 6, ""AWS"": 9, ""Blockchain"": 5, ""Node.js"": 6, ""Machine Learning"": 6}",5.0,62,"Machine Learning,Blockchain",Basic,True,75,False,9,React Native
WRK088,Juan Forbes,"Redux,Blockchain,AWS","1,4,8,10",5,QA,mid,Consulting,"London, UK",70,CC-CONS-002,Full-time,25,"AWS Solutions Architect,Scrum Master",Spanish,Limited,UTC-8,Enterprise,"{""Redux"": 5, ""Blockchain"": 5, ""AWS"": 7}",4.85,68,,Basic,True,25,False,7,Kubernetes
WRK089,Lauren Whitehead,"Machine Learning,Redux,TypeScript","1,3,4,6,10",2,Design,mid,Sales,"London, UK",181,CC-CONS-004,Contract,16,,"Hindi,Mandarin,French",On-leave,UTC+8,"Greenfield,Enterprise","{""Machine Learning"": 7, ""Redux"": 7, ""TypeScript"": 6}",4.43,82,IoT,Secret,False,100,True,5,React Native
WRK090,Lisa Davis,"Node.js,Machine Learning,AWS","2,3,6,7,9",7,Mobile,lead,Engineering,Remote,107,CC-SUP-001,Contract,4,"PMP,Certified Ethical Hacker","French,Hindi",Busy,UTC-8,"Greenfield,Startup","{""Node.js"": 5, ""Machine Learning"": 9, ""AWS"": 6}",3.69,66,IoT,Top-Secret,False,50,False,1,
WRK091,Tracy Meadows,"Blockchain,Java,AWS","5,7,8",2,Design,principal,Sales,Remote,154,CC-SUP-003,Consultant,7,"Certified Ethical Hacker,AWS Solutions Architect",Mandarin,On-leave,UTC+0,"Enterprise,Startup","{""Blockchain"": 6, ""Java"": 7, ""AWS"": 8}",3.81,71,"Machine Learning,IoT",Top-Secret,False,100,False,10,"Kubernetes,Project Management"
WRK092,Vickie Lewis,"Python,Blockchain,Docker,Kubernetes","2,5,6,8,9,10",5,Database,principal,Support,"San Francisco, CA",93,CC-CONS-003,Contract,1,Scrum Master,"Spanish,Mandarin",On-leave,UTC+0,Greenfield,"{""Python"": 5, ""Blockchain"": 10, ""Docker"": 8, ""Kubernetes"": 6}",4.27,76,"Machine Learning,IoT",Top-Secret,True,0,False,1,"Kubernetes,Project Management"
WRK093,Robert Moore,"Node.js,Kubernetes,Docker,React,Redux","1,4,5,8,9,10",4,Frontend,lead,Support,Remote,32,CC-ENG-002,Full-time,20,Certified Ethical Hacker,"Mandarin,French,English",Limited,UTC+8,Startup,"{""Node.js"": 7, ""Kubernetes"": 8, ""Docker"": 5, ""React"": 6, ""Redux"": 6}",4.69,69,,Secret,True,75,True,10,
WRK094,Danielle Watson,"Docker,Python,Node.js,Redux,TypeScript","5,7,8,9",4,Security,principal,Support,"London, UK",165,CC-ENG-003,Part-time,4,"Certified Ethical Hacker,PMP","Hindi,French,Spanish",On-leave,UTC+8,Startup,"{""Docker"": 5, ""Python"": 6, ""Node.js"": 7, ""Redux"": 5, ""TypeScript"": 10}",4.67,72,"IoT,Blockchain",None,True,100,False,3,"React Native,Kubernetes"
WRK095,Jonathan Peters,"Machine Learning,Kubernetes,Python,TypeScript","1,3,7,8,10",7,Database,lead,Engineering,Remote,127,CC-CONS-001,Part-time,20,,Mandarin,On-leave,UTC-8,Startup,"{""Machine Learning"": 5, ""Kubernetes"": 8, ""Python"": 9, ""TypeScript"": 8}",4.39,61,IoT,Basic,True,50,True,9,"Project Management,React Native"
WRK096,Timothy Bennett,"Python,TypeScript,Java","1,3,4,10",3,DevOps,lead,Research,"London, UK",132,CC-CONS-001,Contract,23,,"French,Mandarin",Limited,UTC+0,"Startup,Greenfield","{""Python"": 6, ""TypeScript"": 5, ""Java"": 10}",4.76,89,,Top-Secret,True,25,False,6,
WRK097,Courtney Cardenas,"SQL,Docker,Redux,Java,Python,AWS","1,6,7,8,9",4,QA,junior,Consulting,Remote,43,CC-CONS-001,Consultant,9,"AWS Solutions Architect,Scrum Master","French,Spanish,English",Limited,UTC+8,"Greenfield,Enterprise","{""SQL"": 10, ""Docker"": 5, ""Redux"": 9, ""Java"": 8, ""Python"": 6, ""AWS"": 10}",4.67,81,IoT,Top-Secret,False,25,False,9,
WRK098,Jacob Barnes,"Machine Learning,React,Redux,Node.js","3,4,8,9,10",7,Design,senior,Support,"London, UK",200,CC-SUP-004,Part-time,10,,"English,Mandarin,Spanish",Available,UTC+0,"Enterprise,Startup","{""Machine Learning"": 6, ""React"": 6, ""Redux"": 7, ""Node.js"": 7}",4.18,83,"Blockchain,Machine Learning",Basic,False,100,False,6,"Kubernetes,Project Management"
WRK099,Ryan Mooney,"React,Docker,Python,SQL","3,4,6",7,Security,junior,Research,"San Francisco, CA",128,CC-ENG-004,Full-time,11,,"Hindi,Spanish,Mandarin",Busy,UTC-8,Greenfield,"{""React"": 7, ""Docker"": 10, ""Python"": 6, ""SQL"": 6}",4.92,94,"Machine Learning,IoT",Secret,False,50,False,4,Kubernetes
WRK100,Joshua Hart,"SQL,Blockchain,Kubernetes,Java","1,2,4,5,6,10",6,QA,junior,Engineering,"San Francisco, CA",155,CC-CONS-002,Consultant,4,AWS Solutions Architect,"English,Spanish,Hindi",Limited,UTC-8,"Startup,Greenfield","{""SQL"": 10, ""Blockchain"": 5, ""Kubernetes"": 10, ""Java"": 8}",4.21,77,,None,True,75,True,9,"Project Management,React Native"
WRK101,Robert Hernandez,"Machine Learning,Java,Node.js,React,Python,Docker","1,3,4,5,9",6,Frontend,lead,Consulting,"San Francisco, CA",141,CC-SUP-003,Contract,25,,"Mandarin,English,Hindi",Limited,UTC+0,Startup,"{""Machine Learning"": 7, ""Java"": 10, ""Node.js"": 7, ""React"": 8, ""Python"": 8, ""Docker"": 10}",4.55,73,,Basic,False,50,True,1,"Project Management,React Native"
WRK102,William Tate,"Machine Learning,Java,React","4,6,9,10",3,Design,senior,Consulting,"San Francisco, CA",38,CC-CONS-004,Consultant,24,"Certified Ethical Hacker,AWS Solutions Architect","Hindi,Mandarin",Available,UTC+0,Startup,"{""Machine Learning"": 5, ""Java"": 9, ""React"": 10}",3.54,79,"Machine Learning,Blockchain",Secret,False,50,False,5,"Project Management,Kubernetes"
WRK103,Donald Choi,"Python,AWS,Java,TypeScript","4,8,9",6,Frontend,lead,Sales,Remote,77,CC-SUP-001,Contract,9,"Scrum Master,PMP","Spanish,French,Hindi",Available,UTC+0,"Enterprise,Greenfield","{""Python"": 7, ""AWS"": 6, ""Java"": 8, ""TypeScript"": 9}",5.0,78,Machine Learning,Basic,False,0,False,10,"Kubernetes,Project Management"
WRK104,James Gomez,"React,Machine Learning,Node.js","1,3,4,5,8",5,Frontend,senior,Research,"San Francisco, CA",55,CC-CONS-002,Contract,23,Certified Ethical Hacker,Mandarin,On-leave,UTC+0,"Startup,Enterprise","{""React"": 10, ""Machine Learning"": 10, ""Node.js"": 10}",3.74,92,,Secret,True,75,False,4,
WRK105,Kathryn Taylor,"Kubernetes,React,Docker,Blockchain,Java,Node.js","4,7,9",4,Mobile,principal,Engineering,Remote,97,CC-SUP-003,Part-time,9,"PMP,Scrum Master",Mandarin,On-leave,UTC-8,"Startup,Enterprise","{""Kubernetes"": 7, ""React"": 9, ""Docker"": 6, ""Blockchain"": 7, ""Java"": 5, ""Node.js"": 9}",3.74,93,,Basic,False,100,False,4,
WRK106,James Stewart,"Docker,Redux,TypeScript,Node.js,Machine Learning,Blockchain","2,3,5,8,9,10",2,Mobile,mid,Sales,"San Francisco, CA",139,CC-CONS-001,Contract,23,,"French,Hindi",On-leave,UTC+8,"Greenfield,Startup","{""Docker"": 7, ""Redux"": 9, ""TypeScript"": 10, ""Node.js"": 6, ""Machine Learning"": 8, ""Blockchain"": 7}",4.42,66,"Machine Learning,Blockchain",Secret,False,50,False,4,
WRK107,Susan Casey,"Blockchain,Docker,Kubernetes,TypeScript,AWS","1,4,5",5,Design,junior,Consulting,Remote,88,CC-SUP-005,Consultant,14,,"Hindi,English,French",On-leave,UTC-8,"Enterprise,Startup","{""Blockchain"": 8, ""Docker"": 9, ""Kubernetes"": 10, ""TypeScript"": 5, ""AWS"": 7}",3.58,60,"IoT,Blockchain",None,False,50,True,5,React Native
WRK108,Russell Lopez,"TypeScript,SQL,AWS,Docker,Python","7,8,9",3,Security,senior,Consulting,"London, UK",134,CC-CONS-001,Part-time,7,,Hindi,Busy,UTC+8,Startup,"{""TypeScript"": 7, ""SQL"": 6, ""AWS"": 10, ""Docker"": 7, ""Python"": 6}",4.95,89,IoT,Secret,False,25,True,4,React Native
WRK109,Jon Clements,"Kubernetes,TypeScript,Redux,Java,React,Node.js","1,5,6,7",2,QA,lead,Engineering,"San Francisco, CA",197,CC-CONS-004,Full-time,21,"Certified Ethical Hacker,PMP","Hindi,French",Available,UTC+8,Greenfield,"{""Kubernetes"": 10, ""TypeScript"": 9, ""Redux"": 9, ""Java"": 10, ""React"": 10, ""Node.js"": 9}",4.81,90,"IoT,Blockchain",Basic,True,75,True,4,React Native
WRK110,Kent Doyle,"Java,Docker,Machine Learning","1,2,4,6,10",6,Database,mid,Support,"San Francisco, CA",77,CC-ENG-003,Contract,17,"Scrum Master,PMP",Hindi,Available,UTC+0,"Greenfield,Startup","{""Java"": 10, ""Docker"": 6, ""Machine Learning"": 5}",4.73,80,,Top-Secret,False,25,True,7,"Project Management,Kubernetes"
WRK111,Kevin Schmitt,"React,Machine Learning,Kubernetes,Blockchain","1,5,9",6,QA,senior,Consulting,Remote,131,CC-ENG-004,Part-time,7,"AWS Solutions Architect,PMP",Spanish,Available,UTC+8,Enterprise,"{""React"": 10, ""Machine Learning"": 10, ""Kubernetes"": 6, ""Blockchain"": 6}",4.34,71,"IoT,Blockchain",None,True,100,True,2,Project Management
WRK112,Beth Jacobs,"Node.js,TypeScript,Kubernetes,Blockchain,AWS","1,8,9",4,Database,junior,Engineering,"London, UK",45,CC-ENG-005,Full-time,3,"Certified Ethical Hacker,Scrum Master","Hindi,Mandarin,French",Busy,UTC+8,"Enterprise,Startup","{""Node.js"": 9, ""TypeScript"": 6, ""Kubernetes"": 10, ""Blockchain"": 7, ""AWS"": 9}",3.91,89,"Machine Learning,Blockchain",Top-Secret,False,50,True,4,"Project Management,Kubernetes"
WRK113,Rachael Larson,"Python,AWS,Docker,React,Node.js,TypeScript","5,7,9",3,Backend,lead,Engineering,"London, UK",105,CC-CONS-005,Part-time,16,,Spanish,Limited,UTC+0,"Enterprise,Startup","{""Python"": 6, ""AWS"": 6, ""Docker"": 5, ""React"": 10, ""Node.js"": 9, ""TypeScript"": 7}",3.59,75,"Machine Learning,Blockchain",Basic,False,50,False,8,React Native
WRK114,Jeremy Lawrence,"Java,TypeScript,Machine Learning,Redux,SQL","1,3,4,8,9,10",6,Database,lead,Sales,"San Francisco, CA",163,CC-CONS-004,Consultant,5,,"Hindi,French",Busy,UTC+0,"Enterprise,Greenfield","{""Java"": 7, ""TypeScript"": 6, ""Machine Learning"": 6, ""Redux"": 8, ""SQL"": 10}",3.83,64,IoT,Basic,True,0,False,6,
WRK115,Wesley Hayes,"SQL,Python,Machine Learning,Kubernetes,Java,Node.js","3,5,7,9",7,Database,lead,Research,"San Francisco, CA",100,CC-ENG-004,Part-time,18,,"Spanish,Mandarin",Busy,UTC+0,Greenfield,"{""SQL"": 6, ""Python"": 9, ""Machine Learning"": 6, ""Kubernetes"": 9, ""Java"": 8, ""Node.js"": 7}",3.8,63,,None,False,0,False,8,
WRK116,Kevin Smith,"SQL,AWS,Node.js,Blockchain,Kubernetes,TypeScript","2,5,8,10",2,Backend,principal,Support,"San Francisco, CA",55,CC-CONS-001,Consultant,18,"Scrum Master,Certified Ethical Hacker","Spanish,Mandarin,Hindi",Busy,UTC-8,"Startup,Enterprise","{""SQL"": 9, ""AWS"": 9, ""Node.js"": 10, ""Blockchain"": 9, ""Kubernetes"": 5, ""TypeScript"": 8}",4.23,66,"IoT,Blockchain",Top-Secret,True,50,False,7,"Kubernetes,Project Management"
WRK117,Eric Lopez,"Redux,AWS,Machine Learning,SQL,Python","2,3,7,8,9,10",5,QA,lead,Support,"London, UK",34,CC-CONS-004,Full-time,19,,Mandarin,Busy,UTC+0,"Startup,Enterprise","{""Redux"": 5, ""AWS"": 5, ""Machine Learning"": 10, ""SQL"": 9, ""Python"": 10}",4.0,73,"IoT,Machine Learning",None,True,75,False,5,Kubernetes
WRK118,Daniel Robinson,"AWS,SQL,Blockchain,React,Node.js","1,2,3,4,8",5,Security,principal,Support,Remote,198,CC-SUP-003,Full-time,16,"AWS Solutions Architect,Scrum Master","Hindi,English",On-leave,UTC-8,"Greenfield,Enterprise","{""AWS"": 7, ""SQL"": 9, ""Blockchain"": 10, ""React"": 7, ""Node.js"": 7}",4.84,73,"Machine Learning,Blockchain",None,True,75,True,10,Project Management
WRK119,Robert Daniels,"AWS,SQL,TypeScript,Node.js,Java,Redux","1,5,7,8,10",7,Database,lead,Consulting,Remote,125,CC-ENG-002,Part-time,25,,"Mandarin,English",Available,UTC+8,"Enterprise,Greenfield","{""AWS"": 7, ""SQL"": 8, ""TypeScript"": 8, ""Node.js"": 7, ""Java"": 5, ""Redux"": 8}",3.79,94,,Secret,True,0,True,2,Project Management
WRK120,Christopher Brandt,"Redux,TypeScript,Node.js,AWS,Docker","1,2,7,8,9,10",6,Design,junior,Research,Remote,138,CC-ENG-001,Contract,6,,"Spanish,French,English",On-leave,UTC+0,Greenfield,"{""Redux"": 5, ""TypeScript"": 9, ""Node.js"": 10, ""AWS"": 5, ""Docker"": 8}",4.11,61,"Machine Learning,Blockchain",Top-Secret,False,75,False,5,"Project Management,Kubernetes"
WRK121,Michael Carr,"Docker,AWS,Redux","1,2,7,9",3,Backend,lead,Support,Remote,72,CC-CONS-002,Consultant,7,"Scrum Master,Certified Ethical Hacker","French,Spanish",Limited,UTC+8,"Enterprise,Greenfield","{""Docker"": 10, ""AWS"": 6, ""Redux"": 10}",3.71,75,Blockchain,Secret,False,75,False,4,Kubernetes
WRK122,Samantha Johnson,"Machine Learning,Blockchain,Redux","2,4,6,9,10",6,QA,principal,Engineering,"San Francisco, CA",88,CC-SUP-004,Part-time,10,AWS Solutions Architect,Spanish,Available,UTC+8,"Startup,Enterprise","{""Machine Learning"": 6, ""Blockchain"": 10, ""Redux"": 7}",3.64,92,Blockchain,None,False,100,True,4,
WRK123,Linda Oconnor,"Java,Redux,Python,TypeScript,AWS,Blockchain","1,2,6,9",2,QA,junior,Support,"London, UK",85,CC-CONS-003,Full-time,7,AWS Solutions Architect,"Spanish,Mandarin",On-leave,UTC+8,"Startup,Enterprise","{""Java"": 7, ""Redux"": 7, ""Python"": 7, ""TypeScript"": 6, ""AWS"": 7, ""Blockchain"": 5}",4.6,86,IoT,Top-Secret,False,50,False,5,Kubernetes
WRK124,Sherry Ray,"AWS,Machine Learning,React,SQL","5,8,9",2,Database,mid,Consulting,"San Francisco, CA",169,CC-SUP-002,Contract,5,AWS Solutions Architect,French,Limited,UTC-8,"Enterprise,Greenfield","{""AWS"": 5, ""Machine Learning"": 5, ""React"": 9, ""SQL"": 5}",4.1,87,,None,True,75,False,10,"Kubernetes,Project Management"
WRK125,Natasha Stevenson,"Python,SQL,Redux,Machine Learning","2,3,4,6",2,Design,junior,Sales,"San Francisco, CA",70,CC-ENG-003,Full-time,10,"Certified Ethical Hacker,PMP",English,Busy,UTC+0,"Startup,Enterprise","{""Python"": 6, ""SQL"": 9, ""Redux"": 5, ""Machine Learning"": 9}",5.0,75,,Top-Secret,True,25,False,4,"React Native,Kubernetes"
WRK126,Beth Scott,"Docker,Kubernetes,Blockchain,React,Python","2,4,7,10",5,DevOps,junior,Consulting,"San Francisco, CA",44,CC-ENG-001,Consultant,3,Certified Ethical Hacker,"Hindi,French",Busy,UTC+0,"Enterprise,Startup","{""Docker"": 6, ""Kubernetes"": 9, ""Blockchain"": 5, ""React"": 9, ""Python"": 7}",4.33,94,IoT,None,False,25,True,5,"Kubernetes,React Native"
WRK127,Anna Johnson,"TypeScript,Docker,Node.js,Kubernetes,Python","1,2,3,4,9",2,Frontend,mid,Sales,Remote,60,CC-SUP-003,Contract,14,PMP,"French,Mandarin",Busy,UTC+8,"Greenfield,Enterprise","{""TypeScript"": 7, ""Docker"": 5, ""Node.js"": 9, ""Kubernetes"": 8, ""Python"": 8}",3.75,94,"Blockchain,IoT",Basic,True,100,True,2,
WRK128,Christine Burke,"TypeScript,SQL,Blockchain,Machine Learning,Kubernetes","2,3,4,5",2,Design,principal,Sales,Remote,113,CC-SUP-003,Consultant,18,,"Spanish,Mandarin",On-leave,UTC-8,Startup,"{""TypeScript"": 6, ""SQL"": 5, ""Blockchain"": 8, ""Machine Learning"": 7, ""Kubernetes"": 8}",4.17,76,IoT,Secret,False,100,False,7,
WRK129,Andrea Murphy,"TypeScript,Kubernetes,Redux","2,5,6,10",5,Security,principal,Engineering,"London, UK",27,CC-CONS-003,Contract,21,"AWS Solutions Architect,Certified Ethical Hacker","Hindi,Mandarin",Busy,UTC+0,"Startup,Greenfield","{""TypeScript"": 7, ""Kubernetes"": 10, ""Redux"": 10}",3.97,86,"Blockchain,IoT",None,False,75,True,10,
WRK130,James Brown,"Machine Learning,SQL,Redux","1,4,7,9,10",7,Design,senior,Sales,"London, UK",192,CC-CONS-005,Part-time,1,PMP,English,Available,UTC+8,Enterprise,"{""Machine Learning"": 7, ""SQL"": 9, ""Redux"": 5}",4.31,67,IoT,None,True,25,True,8,
WRK131,Randy Singleton,"Docker,Blockchain,Java,AWS","5,6,7,10",2,Backend,lead,Support,"San Francisco, CA",84,CC-CONS-002,Consultant,5,"AWS Solutions Architect,Scrum Master","English,French",Available,UTC-8,Startup,"{""Docker"": 8, ""Blockchain"": 8, ""Java"": 6, ""AWS"": 5}",3.5,65,"IoT,Machine Learning",Basic,False,0,False,6,
WRK132,Steven Sanchez,"Redux,TypeScript,Docker,Python,React","2,3,5,7,8",4,QA,junior,Sales,"London, UK",122,CC-CONS-003,Contract,3,,"English,Mandarin",On-leave,UTC+0,"Greenfield,Enterprise","{""Redux"": 7, ""TypeScript"": 6, ""Docker"": 7, ""Python"": 8, ""React"": 8}",3.81,93,"IoT,Blockchain",Secret,True,0,False,7,
WRK133,Anne Griffin,"Docker,SQL,AWS,TypeScript,React,Java","2,3,6",4,QA,lead,Engineering,Remote,85,CC-ENG-003,Part-time,8,PMP,"English,Spanish,Mandarin",On-leave,UTC+8,"Enterprise,Startup","{""Docker"": 10, ""SQL"": 7, ""AWS"": 7, ""TypeScript"": 6, ""React"": 5, ""Java"": 8}",4.13,68,"Blockchain,Machine Learning",Secret,True,0,False,6,
WRK134,Shirley Yoder,"Docker,Kubernetes,Blockchain,TypeScript,React","6,8,10",3,Backend,lead,Sales,"San Francisco, CA",66,CC-ENG-003,Full-time,13,"Certified Ethical Hacker,AWS Solutions Architect","Spanish,French",Available,UTC-8,Enterprise,"{""Docker"": 10, ""Kubernetes"": 9, ""Blockchain"": 5, ""TypeScript"": 10, ""React"": 8}",4.57,71,Blockchain,Basic,False,100,True,6,"React Native,Kubernetes"
WRK135,Virginia Matthews,"React,Docker,Node.js,Java,Python,Redux","2,3,6,7,9",5,Design,principal,Engineering,"London, UK",139,CC-ENG-004,Consultant,9,AWS Solutions Architect,"French,Mandarin,Spanish",Busy,UTC-8,Greenfield,"{""React"": 8, ""Docker"": 9, ""Node.js"": 5, ""Java"": 7, ""Python"": 5, ""Redux"": 7}",4.89,69,"Blockchain,Machine Learning",Basic,False,75,False,8,React Native
WRK136,Shawn Martin,"AWS,TypeScript,Docker,Redux","1,3,6,9,10",5,Frontend,senior,Engineering,"San Francisco, CA",111,CC-CONS-003,Contract,18,,"Hindi,Mandarin",On-leave,UTC+8,"Greenfield,Enterprise","{""AWS"": 5, ""TypeScript"": 5, ""Docker"": 8, ""Redux"": 6}",4.25,86,,Top-Secret,True,100,True,2,Kubernetes
WRK137,Stephanie Horton,"Node.js,Machine Learning,TypeScript,AWS","3,4,8",2,Security,senior,Sales,"London, UK",93,CC-CONS-001,Contract,20,,English,Available,UTC+8,Enterprise,"{""Node.js"": 5, ""Machine Learning"": 6, ""TypeScript"": 6, ""AWS"": 5}",4.08,93,IoT,None,False,75,False,7,
WRK138,James Porter,"AWS,Docker,Python","2,4,5,7,8,10",2,Database,mid,Consulting,"London, UK",184,CC-ENG-002,Part-time,12,,Hindi,Busy,UTC+8,"Greenfield,Enterprise","{""AWS"": 10, ""Docker"": 8, ""Python"": 8}",3.53,70,Blockchain,Secret,True,100,True,8,
WRK139,Edwin Cabrera,"Python,TypeScript,Docker,Kubernetes","2,3,4,8,9,10",5,DevOps,junior,Sales,"London, UK",136,CC-ENG-004,Contract,5,Scrum Master,"French,Mandarin",Available,UTC+0,Enterprise,"{""Python"": 5, ""TypeScript"": 6, ""Docker"": 9, ""Kubernetes"": 6}",4.75,63,,Basic,False,25,True,10,
WRK140,William Smith,"Blockchain,Redux,TypeScript","2,3,5,8",5,Design,senior,Consulting,"London, UK",55,CC-ENG-003,Full-time,23,Certified Ethical Hacker,"Hindi,French,Mandarin",Busy,UTC+8,Enterprise,"{""Blockchain"": 7, ""Redux"": 7, ""TypeScript"": 7}",3.91,87,Blockchain,Secret,True,25,True,4,
WRK141,Christian Hanna,"React,AWS,Blockchain,Python,Machine Learning","3,4,5,6,8",4,Mobile,senior,Engineering,"London, UK",128,CC-SUP-002,Part-time,19,,"Mandarin,Hindi",Available,UTC+8,Startup,"{""React"": 5, ""AWS"": 7, ""Blockchain"": 5, ""Python"": 8, ""Machine Learning"": 9}",3.51,84,IoT,Secret,True,25,False,3,
WRK142,Daniel Robbins,"Machine Learning,SQL,Kubernetes,Docker","3,7,8,9",4,Frontend,senior,Support,"London, UK",115,CC-ENG-001,Contract,20,PMP,"Hindi,French,English",Busy,UTC+8,"Greenfield,Enterprise","{""Machine Learning"": 7, ""SQL"": 10, ""Kubernetes"": 5, ""Docker"": 10}",4.56,78,IoT,Basic,True,75,False,10,"Kubernetes,Project Management"
WRK143,David Hansen,"Blockchain,SQL,Docker","3,5,7",2,Security,junior,Engineering,"London, UK",115,CC-ENG-005,Full-time,24,PMP,"English,Mandarin",Limited,UTC+8,"Startup,Enterprise","{""Blockchain"": 10, ""SQL"": 9, ""Docker"": 9}",4.57,67,"Blockchain,Machine Learning",Basic,False,100,False,3,
WRK144,Sierra Wilkins,"SQL,Blockchain,AWS,Machine Learning,Kubernetes,Redux","1,3,4,8,10",5,Database,junior,Research,"London, UK",113,CC-SUP-002,Consultant,4,,"Hindi,Spanish",Busy,UTC-8,Enterprise,"{""SQL"": 6, ""Blockchain"": 7, ""AWS"": 10, ""Machine Learning"": 10, ""Kubernetes"": 10, ""Redux"": 9}",4.68,83,Blockchain,Secret,False,75,False,7,"Kubernetes,React Native"
WRK145,Jacob Cooley,"React,SQL,Python,AWS,Java,Docker","1,8,9,10",7,Database,mid,Sales,"San Francisco, CA",82,CC-CONS-005,Contract,20,,"English,French,Hindi",Limited,UTC-8,Startup,"{""React"": 8, ""SQL"": 8, ""Python"": 6, ""AWS"": 6, ""Java"": 8, ""Docker"": 9}",4.07,77,IoT,None,False,25,True,10,"Kubernetes,Project Management"
WRK146,Linda Green,"React,Python,Blockchain,Redux,Docker","1,2,3,4,7,9",4,Backend,lead,Research,"London, UK",73,CC-ENG-001,Full-time,20,Certified Ethical Hacker,"English,Spanish",Busy,UTC+0,Enterprise,"{""React"": 8, ""Python"": 8, ""Blockchain"": 9, ""Redux"": 7, ""Docker"": 5}",3.51,82,IoT,Secret,True,50,True,6,Project Management
WRK147,Susan Nelson,"AWS,Node.js,Docker,Java","3,5,7",3,Design,senior,Support,"London, UK",74,CC-ENG-002,Part-time,2,"Certified Ethical Hacker,PMP",English,Available,UTC+0,"Enterprise,Greenfield","{""AWS"": 5, ""Node.js"": 10, ""Docker"": 10, ""Java"": 9}",4.98,80,IoT,Basic,False,50,True,2,React Native
WRK148,Cheryl Grimes,"Docker,Blockchain,Kubernetes,SQL,Java","1,2,5,6,8,10",6,Frontend,senior,Consulting,"San Francisco, CA",114,CC-CONS-002,Part-time,12,,English,Busy,UTC+8,Enterprise,"{""Docker"": 6, ""Blockchain"": 9, ""Kubernetes"": 10, ""SQL"": 5, ""Java"": 9}",4.64,88,Machine Learning,Top-Secret,True,25,True,5,
WRK149,Shirley Murray,"Blockchain,Docker,Python","1,2,5",2,DevOps,lead,Consulting,"San Francisco, CA",198,CC-SUP-002,Part-time,8,Certified Ethical Hacker,"French,Mandarin",Busy,UTC+8,Startup,"{""Blockchain"": 7, ""Docker"": 6, ""Python"": 9}",4.06,83,,Secret,True,100,False,4,
WRK150,Sally Martin,"TypeScript,Machine Learning,Java,SQL","2,3,5,6,8,9",2,Frontend,senior,Sales,"London, UK",157,CC-SUP-005,Consultant,17,,"Spanish,Mandarin,Hindi",Limited,UTC+8,"Enterprise,Greenfield","{""TypeScript"": 8, ""Machine Learning"": 10, ""Java"": 9, ""SQL"": 8}",4.5,95,,Basic,True,0,True,5,
WRK151,Mrs. Tina Mcneil,"Machine Learning,Python,Redux","1,3,4,5,7,10",5,Database,principal,Support,"London, UK",73,CC-CONS-004,Contract,7,AWS Solutions Architect,Spanish,Available,UTC+0,Enterprise,"{""Machine Learning"": 10, ""Python"": 10, ""Redux"": 9}",3.97,85,"Blockchain,IoT",Secret,True,50,False,1,"React Native,Kubernetes"
WRK152,Samuel Rodgers,"Machine Learning,Java,Node.js,Kubernetes,Redux","1,2,3,4,5,8",5,Frontend,junior,Consulting,Remote,171,CC-CONS-003,Full-time,6,,Spanish,Busy,UTC+8,"Greenfield,Enterprise","{""Machine Learning"": 7, ""Java"": 7, ""Node.js"": 8, ""Kubernetes"": 7, ""Redux"": 8}",3.85,90,"IoT,Machine Learning",Basic,True,25,True,3,"Project Management,Kubernetes"
WRK153,Dr. Robert Lopez,"Node.js,Redux,Blockchain,Docker","1,2,7",5,Database,mid,Research,Remote,176,CC-ENG-004,Contract,16,,"Hindi,English,French",Busy,UTC+0,"Enterprise,Startup","{""Node.js"": 10, ""Redux"": 8, ""Blockchain"": 9, ""Docker"": 8}",4.01,69,IoT,Secret,False,25,False,9,
WRK154,Tanya Brady,"Python,Node.js,Blockchain,Machine Learning","1,4,5,8",5,QA,mid,Engineering,Remote,81,CC-CONS-005,Part-time,21,,"Spanish,French",Limited,UTC+8,"Greenfield,Enterprise","{""Python"": 10, ""Node.js"": 10, ""Blockchain"": 8, ""Machine Learning"": 6}",4.69,81,IoT,None,True,100,True,8,React Native
WRK155,Justin Barton,"Python,Machine Learning,Java,Redux,Kubernetes,Blockchain","2,3,4,5,7,9",3,QA,junior,Sales,"San Francisco, CA",188,CC-ENG-002,Consultant,11,Scrum Master,"Mandarin,French,Hindi",Busy,UTC+8,Enterprise,"{""Python"": 6, ""Machine Learning"": 9, ""Java"": 9, ""Redux"": 10, ""Kubernetes"": 7, ""Blockchain"": 10}",3.83,85,Machine Learning,Top-Secret,False,50,False,9,Kubernetes
WRK156,Theresa Bond,"Redux,Docker,AWS","1,9,10",4,DevOps,junior,Consulting,"San Francisco, CA",198,CC-ENG-004,Full-time,21,Certified Ethical Hacker,Spanish,On-leave,UTC+0,Enterprise,"{""Redux"": 6, ""Docker"": 6, ""AWS"": 7}",4.18,88,,Secret,True,25,False,3,
WRK157,Alice Mann,"Python,Kubernetes,SQL,Node.js,Redux,Machine Learning","3,4,5,7,9,10",7,Design,lead,Support,Remote,100,CC-ENG-005,Full-time,17,Scrum Master,"English,Mandarin",Available,UTC+0,"Startup,Greenfield","{""Python"": 8, ""Kubernetes"": 7, ""SQL"": 9, ""Node.js"": 7, ""Redux"": 10, ""Machine Learning"": 8}",3.89,82,"Blockchain,IoT",None,True,25,True,7,"Kubernetes,React Native"
WRK158,Richard Gomez,"Blockchain,TypeScript,AWS,Docker","1,5,6",5,Frontend,lead,Research,Remote,145,CC-SUP-004,Consultant,20,"Scrum Master,PMP","Hindi,Spanish",Busy,UTC+8,Startup,"{""Blockchain"": 6, ""TypeScript"": 5, ""AWS"": 10, ""Docker"": 8}",4.54,91,"Machine Learning,IoT",Top-Secret,False,50,False,1,
WRK159,Jennifer Wolf,"Python,SQL,React,AWS,Blockchain,Kubernetes","1,2,3,7,8,10",6,Backend,principal,Engineering,"London, UK",91,CC-CONS-005,Part-time,17,PMP,Hindi,Available,UTC+0,"Greenfield,Startup","{""Python"": 9, ""SQL"": 7, ""React"": 6, ""AWS"": 8, ""Blockchain"": 9, ""Kubernetes"": 6}",4.11,93,"IoT,Blockchain",Secret,False,50,True,9,Kubernetes
WRK160,David Tran,"Kubernetes,AWS,Machine Learning,Docker,Java","3,7,10",2,Mobile,senior,Support,"San Francisco, CA",109,CC-ENG-003,Contract,15,"Scrum Master,Certified Ethical Hacker",French,Limited,UTC-8,Enterprise,"{""Kubernetes"": 10, ""AWS"": 9, ""Machine Learning"": 6, ""Docker"": 8, ""Java"": 7}",4.58,75,,Top-Secret,True,50,True,3,Project Management
